A Few Words From Wallace K. Calb !1450 !{'from': 4, 'wallace': 44, 'mamaeve': 4, 'just': 9, 'to': 37, 'say': 4, 'got': 6, 'the': 84, 'all': 5, 'right': 5, 'left': 6, 'it': 27, 'going': 6, 'here': 5, 'good': 5, 'but': 16, "i'm": 4, 'of': 16, 'back': 13, 'city': 4, 'life': 7, 'do': 4, 'me': 5, 'well': 6, 'is': 4, 'man': 10, 'flapjack': 19, 'said': 8, 'as': 8, 'he': 40, 'black': 6, 'gun': 11, 'on': 13, 'coffee': 4, 'table': 5, 'was': 26, 'and': 38, 'put': 5, 'in': 25, 'his': 24, 'with': 11, 'eyes': 6, 'green': 5, 'velveteen': 5, 'smoking': 4, 'cigarette': 4, 'you': 21, 'wanted': 4, 'out': 11, 'now': 14, 'pulled': 5, 'sat': 4, 'chair': 6, 'not': 5, 'knee': 4, 'that': 10, 'over': 5, 'one': 7, 'into': 6, 'blue': 4, "didn't": 8, 'look': 4, 'at': 16, "flapjack's": 5, 'this': 7, 'already': 4, 'made': 5, 'thought': 6, 'had': 19, 'for': 10, 'turned': 4, 'gone': 4, 'stared': 4, 'be': 8, 'three': 5, 'come': 5, 'or': 10, 'about': 5, 'if': 6, 'only': 5, 'up': 5, 'her': 5, 'would': 6, 'okay': 5, 'late': 5, 'leroy': 16, 'store': 5, 'still': 5, "ain't": 5, 'yeah': 6, 'go': 5, 'knew': 6, 'him': 5, 'get': 5, 'when': 5, 'money': 5, 'fat': 7, 'lady': 9, 'too': 6, "leroy's": 6}
A GHOST STORY !2305 !{'by': 15, 'took': 6, 'room': 6, 'up': 14, 'in': 35, 'old': 7, 'had': 19, 'been': 7, 'for': 16, 'came': 7, 'the': 141, 'place': 9, 'long': 5, 'to': 53, 'and': 117, 'seemed': 5, 'of': 61, 'that': 34, 'night': 6, 'my': 45, 'time': 6, 'over': 9, 'me': 23, 'as': 18, 'an': 12, 'its': 8, 'face': 7, 'there': 13, 'one': 8, 'was': 35, 'when': 9, 'out': 16, 'fire': 5, 'sat': 6, 'down': 18, 'before': 8, 'it': 33, 'with': 23, 'all': 13, 'once': 8, 'now': 6, 'last': 5, 'away': 10, 'no': 10, 'on': 13, 'about': 6, 'what': 6, 'do': 9, 'if': 8, 'were': 6, 'be': 5, 'bed': 9, 'lay': 7, 'till': 8, 'they': 8, 'but': 14, 'not': 12, 'know': 6, 'at': 10, 'myself': 5, 'still': 5, 'own': 5, 'could': 8, 'slowly': 5, 'some': 5, 'them': 10, 'then': 19, 'head': 5, 'waited': 5, 'more': 7, 'again': 10, 'back': 5, 'felt': 8, 'from': 7, 'upon': 5, 'heard': 12, 'step': 5, 'like': 7, 'door': 6, 'said': 7, 'this': 7, 'is': 9, 'so': 12, 'got': 5, 'light': 10, 'another': 5, 'pipe': 5, 'lit': 6, 'went': 6, 'into': 7, 'body': 6, 'have': 13, 'giant': 6, 'you': 32, 'am': 9, 'here': 7, 'he': 11, 'your': 12, 'his': 14, 'poor': 6}
A Little Cloud !4769 !{'little': 58, 'by': 17, 'before': 15, 'he': 172, 'had': 56, 'his': 130, 'friend': 14, 'at': 36, 'the': 248, 'and': 177, 'him': 53, 'gallaher': 50, 'on': 29, 'you': 63, 'could': 17, 'that': 37, 'like': 16, "gallaher's": 9, 'was': 68, 'in': 73, 'to': 124, 'it': 74, 'something': 12, 'have': 21, 'been': 9, 'of': 131, 'with': 24, 'london': 13, 'chandler': 42, 'but': 30, 'one': 18, 'man': 8, 'were': 13, 'took': 10, 'when': 22, 'as': 19, 'thought': 10, 'what': 20, 'from': 15, 'out': 11, 'old': 19, 'all': 11, 'life': 17, 'felt': 10, 'how': 8, 'which': 16, 'them': 11, 'many': 9, 'an': 16, 'room': 8, 'down': 8, 'back': 11, 'so': 15, 'their': 10, 'himself': 9, 'up': 15, 'they': 21, 'or': 16, 'no': 15, 'way': 8, 'for': 42, 'there': 19, 'after': 8, 'head': 11, 'about': 14, 'ignatius': 39, 'would': 11, 'now': 10, 'say': 11, 'time': 9, 'money': 8, 'some': 12, 'face': 9, 'my': 16, 'if': 16, 'go': 11, 'do': 14, 'nothing': 8, 'looked': 10, 'be': 19, 'not': 16, 'began': 15, 'said': 55, 'tommy': 9, 'here': 9, 'is': 16, "i'm": 9, 'good': 9, 'well': 10, 'eyes': 10, 'very': 10, 'then': 9, 'know': 12, "that's": 9, "i've": 10, 'paris': 10, "it's": 12, 'only': 9, 'child': 14, 'she': 17}
A RETRIEVED REFORMATION !2697 !{'by': 19, 'from': 16, 'of': 73, 'came': 5, 'to': 67, 'the': 175, 'where': 5, 'jimmy': 40, 'valentine': 14, 'was': 44, 'and': 93, 'him': 20, 'there': 16, 'warden': 8, 'his': 35, 'which': 6, 'had': 25, 'been': 5, 'that': 32, 'morning': 6, 'took': 5, 'it': 28, 'in': 62, 'way': 5, 'he': 61, 'three': 5, 'at': 24, 'man': 11, 'with': 20, 'as': 17, 'on': 21, 'is': 5, 'while': 5, 'now': 12, 'said': 17, 'go': 6, 'out': 17, 'up': 15, 'make': 5, 'not': 5, 'bad': 5, 'never': 6, 'safe': 6, 'my': 9, 'no': 5, 'you': 21, 'get': 6, 'an': 12, 'for': 18, 'or': 6, 'old': 8, 'one': 13, 'over': 7, 'himself': 7, 'into': 13, 'good': 7, 'mr': 18, 'be': 17, 'door': 14, 'set': 7, 'down': 8, 'little': 8, 'town': 9, 'went': 11, 'who': 6, 'me': 9, 'but': 9, 'all': 7, 'got': 9, 'just': 6, 'ben': 11, 'they': 8, 'suit-case': 10, 'opened': 7, 'this': 7, 'two': 8, 'dollars': 6, "i'm": 7, 'after': 6, 'were': 10, 'price': 8, 'business': 6, 'look': 6, 'do': 8, 'want': 6, "jimmy's": 7, 'more': 6, 'elmore': 12, 'young': 8, 'bank': 6, 'her': 13, 'she': 9, 'annabel': 11, 'adams': 11, 'going': 9, 'ralph': 8, 'spencer': 12, 'thought': 6, 'would': 6, 'vault': 6}
A Telephone Call !2227 !{'telephone': 31, 'call': 21, 'please': 29, 'god': 42, 'let': 26, 'him': 62, 'me': 72, 'now': 9, 'dear': 6, "won't": 13, 'ask': 9, 'anything': 8, 'of': 15, 'you': 75, 'it': 44, "isn't": 9, 'to': 64, 'would': 25, 'be': 33, 'so': 24, 'little': 21, 'only': 11, 'if': 33, "didn't": 12, 'think': 19, 'about': 18, 'maybe': 19, 'the': 30, 'ring': 7, 'that': 37, 'could': 19, 'something': 8, 'five': 14, "i'll": 26, 'and': 41, 'when': 8, 'get': 8, 'oh': 17, 'this': 15, 'is': 15, 'look': 8, 'at': 15, 'will': 14, 'not': 7, 'again': 11, "it's": 11, 'he': 70, 'said': 12, 'darling': 12, "that's": 14, "i'm": 8, 'sure': 9, 'there': 9, 'know': 24, 'called': 7, 'was': 16, "can't": 12, 'say': 10, 'in': 18, 'but': 7, "couldn't": 11, 'have': 25, 'up': 14, 'they': 22, "don't": 34, 'like': 13, 'do': 21, 'are': 9, 'them': 11, 'all': 14, 'just': 15, 'way': 7, 'no': 9, 'then': 14, 'never': 10, 'were': 12, 'people': 11, 'even': 7, 'see': 12, 'with': 8, 'on': 8, 'your': 8, 'bad': 11, 'for': 12, "mustn't": 7, "doesn't": 7, 'why': 9, 'right': 7, 'what': 11, 'hurt': 7, 'hell': 7, 'sweet': 7, 'still': 8, 'because': 7, "he's": 7, 'wish': 11, 'make': 8, 'dead': 10, 'as': 7, 'pride': 9}
Aesop's Fables !11405 !{'by': 57, 'the': 937, 'which': 32, 'for': 69, 'to': 385, 'and': 512, 'was': 134, 'once': 25, 'up': 82, 'down': 47, 'when': 55, 'he': 236, 'me': 40, 'soon': 50, 'it': 139, 'out': 60, 'from': 37, 'what': 42, 'did': 24, 'be': 45, 'but': 114, 'that': 151, 'some': 28, 'had': 81, 'been': 24, 'in': 141, 'you': 135, 'may': 19, 'would': 21, 'have': 43, 'than': 22, 'of': 211, 'are': 19, 'them': 49, 'wolf': 34, 'upon': 37, 'time': 29, 'at': 77, 'on': 63, 'see': 29, 'little': 27, 'my': 31, 'if': 20, 'only': 23, 'then': 44, 'how': 19, 'said': 137, 'there': 24, 'well': 19, 'this': 44, 'last': 29, 'old': 21, 'not': 65, 'your': 42, 'with': 84, 'her': 49, 'all': 58, 'she': 39, 'will': 47, 'dog': 18, 'his': 174, 'now': 21, 'way': 19, 'as': 81, 'saw': 20, 'made': 21, 'so': 73, 'into': 37, 'lion': 49, 'went': 30, 'fox': 54, 'they': 76, 'took': 26, 'its': 40, 'came': 64, 'other': 20, 'is': 61, 'away': 21, 'an': 34, 'could': 36, 'one': 72, 'put': 24, 'again': 21, 'man': 41, 'him': 88, 'off': 26, 'were': 42, 'we': 22, 'no': 23, 'mouse': 21, 'come': 29, 'two': 27, 'after': 20, 'found': 22, 'do': 42, 'ass': 20, 'day': 29, 'who': 34, 'about': 22, 'their': 33}
Agrippa (A Book of the Dead) !1584 !{'book': 5, 'of': 52, 'the': 119, 'by': 6, 'gibson': 4, 'before': 4, 'that': 21, 'this': 8, 'black': 8, 'and': 47, 'kodak': 5, 'he': 11, 'has': 4, 'years': 4, 'like': 4, 'from': 10, 'first': 5, 'world': 4, 'war': 4, 'its': 4, 'they': 9, 'something': 4, 'in': 46, 'lost': 4, 'then': 4, 'his': 8, 'down': 10, 'under': 4, 'them': 5, 'white': 5, 'saw': 5, '1919': 8, 'are': 7, 'must': 4, 'have': 7, 'sweet': 4, 'hot': 4, 'on': 18, 'or': 6, 'is': 8, 'beyond': 4, 'wheeling': 4, 'out': 8, 'behind': 8, 'so': 9, 'an': 6, 'concrete': 6, 'had': 4, 'dixie': 4, 'ford': 5, '1917': 4, 'with': 14, 'as': 8, 'be': 6, 'arthur': 4, 'shot': 4, 'hand': 4, 'their': 4, 'amid': 4, 'moma': 4, 'city': 5, 'at': 8, 'made': 5, 'my': 8, 'might': 4, 'to': 24, 'but': 10, 'not': 7, 'for': 6, 'when': 5, 'it': 11, 'mechanism': 9, 'forever': 4, 'just': 4, 'one': 4, 'there': 8, 'up': 4, 'where': 4, 'was': 12, 'time': 4, 'you': 4, 'iron': 4, 'went': 4, 'house': 4, '1921': 4, 'main': 4, 'street': 4, 'above': 4, 'sold': 4, 'which': 4, 'brick': 4, 'knew': 5, 'man': 5, "i'd": 5, 'were': 5, 'through': 4, 'me': 5, 'all': 4, 'station': 4, 'remember': 5}
An Occurrence at Owl Creek Bridge !3602 !{'an': 21, 'at': 28, 'owl': 5, 'creek': 6, 'bridge': 21, 'by': 17, 'man': 10, 'stood': 6, 'upon': 22, 'in': 66, 'down': 10, 'into': 12, 'the': 327, 'water': 20, 'hands': 11, 'were': 19, 'behind': 7, 'his': 99, 'back': 7, 'with': 35, 'neck': 11, 'it': 43, 'was': 71, 'to': 66, 'head': 7, 'and': 112, 'fell': 7, 'of': 134, 'for': 17, 'him': 34, 'soldiers': 6, 'sergeant': 8, 'who': 7, 'have': 7, 'been': 10, 'he': 111, 'captain': 8, 'each': 6, 'as': 30, 'that': 34, 'is': 19, 'left': 6, 'shoulder': 6, 'on': 21, 'straight': 8, 'body': 6, 'did': 6, 'not': 19, 'be': 9, 'these': 8, 'two': 9, 'what': 12, 'they': 16, 'one': 13, 'away': 8, 'forest': 7, 'then': 7, 'there': 6, 'bank': 9, 'stream': 12, 'through': 11, 'which': 24, 'fort': 7, 'arms': 6, 'but': 11, 'no': 16, 'are': 6, 'about': 7, 'civilian': 6, 'from': 21, 'eyes': 11, 'had': 38, 'would': 7, 'this': 10, 'now': 12, 'how': 8, 'order': 7, 'wife': 6, 'thought': 10, 'could': 10, 'like': 13, 'seemed': 10, 'its': 7, 'knew': 6, 'their': 15, 'heard': 9, 'saw': 11, 'again': 6, 'farquhar': 10, 'soldier': 7, 'felt': 6, 'all': 17, 'her': 6, 'will': 8, 'side': 6, 'fire': 6, 'light': 8, 'shot': 6, 'them': 8, 'air': 6}
Araby !2258 !{'araby': 5, 'by': 14, 'her': 40, 'name': 5, 'to': 75, 'my': 49, 'at': 29, 'in': 43, 'and': 73, 'which': 13, 'myself': 5, 'did': 12, 'not': 22, 'were': 13, 'of': 68, 'could': 12, 'tell': 5, 'why': 5, 'from': 18, 'heart': 5, 'seemed': 6, 'out': 10, 'into': 7, 'the': 192, 'know': 6, 'whether': 5, 'would': 8, 'or': 12, 'if': 7, 'spoke': 5, 'street': 11, 'was': 41, 'when': 17, 'an': 9, 'house': 9, 'two': 7, 'stood': 9, 'its': 5, 'houses': 5, 'one': 10, 'with': 9, 'our': 12, 'had': 19, 'back': 6, 'air': 5, 'all': 7, 'room': 6, 'found': 5, 'few': 7, 'he': 17, 'his': 9, 'left': 5, 'money': 5, 'came': 9, 'before': 5, 'we': 13, 'us': 5, 'towards': 5, 'it': 14, 'their': 7, 'play': 5, 'through': 8, 'dark': 8, 'where': 6, 'light': 5, 'uncle': 6, 'him': 9, 'on': 10, 'up': 9, 'down': 6, 'she': 26, 'go': 12, 'walked': 6, 'for': 14, 'door': 6, 'as': 8, 'side': 5, 'morning': 5, 'front': 5, 'that': 18, 'be': 6, 'hall': 7, 'after': 7, 'words': 5, 'like': 7, 'me': 27, 'aunt': 6, 'went': 6, 'some': 6, 'about': 6, 'but': 7, 'upon': 5, 'evening': 5, 'heard': 7, 'asked': 8, 'bazaar': 10, 'said': 11, 'you': 8, 'over': 9, 'young': 7}
Baxter's Procrustes !4651 !{"baxter's": 20, 'procrustes': 27, 'about': 7, 'the': 385, 'of': 233, 'book': 13, 'and': 120, 'in': 86, 'by': 39, 'is': 27, 'one': 32, 'publications': 7, 'bodleian': 11, 'club': 40, 'who': 16, 'are': 16, 'books': 11, 'it': 57, 'was': 92, 'very': 12, 'after': 10, 'not': 29, 'our': 22, 'for': 53, 'fine': 9, 'but': 19, 'from': 26, 'literary': 8, 'them': 8, 'which': 40, 'to': 121, 'an': 28, 'its': 15, 'on': 16, 'members': 10, 'however': 9, 'we': 12, 'have': 15, 'much': 8, 'been': 13, 'there': 9, 'most': 7, 'pipes': 7, 'all': 13, 'as': 38, 'that': 66, 'no': 12, 'with': 44, 'his': 38, 'if': 9, 'he': 41, 'himself': 9, 'upon': 25, 'be': 40, 'into': 13, 'at': 37, 'each': 9, 'say': 9, 'or': 17, 'this': 30, 'said': 14, 'own': 11, 'publication': 11, 'should': 15, 'could': 9, 'committee': 14, 'work': 8, 'were': 19, 'brought': 8, 'than': 9, 'so': 15, 'edition': 8, 'copies': 13, 'had': 50, 'any': 10, 'well': 8, 'dollars': 10, 'copy': 23, 'up': 9, 'read': 13, 'more': 11, 'might': 17, 'baxter': 40, 'some': 17, 'us': 15, 'when': 14, 'would': 14, 'what': 10, 'me': 17, 'him': 9, 'having': 9, 'poem': 11, 'life': 9, 'my': 21, 'view': 8, 'views': 8, 'sealed': 9, 'volume': 8, 'review': 9, 'you': 10}
Beware of the Dog !4764 !{'of': 91, 'the': 316, 'is': 23, 'fine': 9, 'he': 237, 'thought': 10, "i'm": 14, 'all': 24, 'right': 21, 'know': 17, 'my': 15, "i'll": 12, 'be': 14, 'there': 43, 'in': 72, 'an': 14, 'when': 20, 'shall': 11, 'and': 218, 'off': 15, 'say': 14, 'me': 13, 'to': 87, 'get': 15, 'out': 33, 'will': 13, 'you': 56, 'them': 13, 'then': 23, 'do': 11, 'it': 106, 'because': 17, "i've": 9, 'one': 24, 'down': 15, 'was': 127, 'only': 9, 'white': 18, 'sun': 10, 'like': 10, 'at': 34, 'from': 12, 'still': 14, 'his': 84, 'hand': 16, 'on': 40, 'with': 39, 'left': 12, 'leg': 18, 'well': 13, 'what': 22, 'think': 10, 'that': 65, 'up': 24, 'for': 23, 'again': 13, 'not': 35, 'had': 31, 'him': 17, 'just': 12, 'now': 14, 'nothing': 15, 'but': 38, 'no': 13, 'looked': 22, 'felt': 11, 'as': 28, 'were': 21, 'something': 19, 'did': 19, 'which': 17, 'some': 11, 'go': 10, 'her': 10, 'water': 16, 'time': 16, 'bed': 14, 'so': 23, 'could': 25, 'put': 10, 'went': 10, 'saw': 14, 'remembered': 16, 'see': 14, 'would': 12, 'back': 15, 'over': 16, 'they': 31, 'small': 10, 'came': 14, 'black': 10, 'very': 10, 'this': 15, 'window': 10, 'am': 12, 'lay': 13, 'nurse': 16, 'she': 49, 'said': 32, 'about': 15}
Bobok !5819 !{'bobok': 13, 'by': 14, 'did': 11, 'not': 52, 'it': 109, 'am': 23, 'man': 15, 'but': 55, 'here': 43, 'they': 45, 'have': 46, 'me': 44, 'out': 22, 'an': 20, 'my': 44, 'as': 39, 'all': 55, 'you': 103, 'are': 34, 'he': 54, 'said': 11, 'go': 16, 'and': 191, 'at': 46, 'that': 69, 'from': 31, 'to': 148, 'of': 147, 'the': 258, 'why': 15, 'will': 17, 'be': 43, 'so': 34, 'in': 80, 'there': 34, 'what': 33, 'for': 56, 'no': 35, 'do': 19, 'is': 87, 'has': 11, 'been': 18, 'about': 17, 'one': 32, 'them': 14, 'want': 10, 'with': 41, 'even': 13, 'too': 10, 'our': 16, 'little': 18, 'on': 33, 'his': 24, 'excellency': 32, 'some': 21, 'this': 15, 'life': 16, 'now': 16, 'we': 28, 'last': 18, 'well': 13, 'though': 14, 'was': 60, 'had': 20, 'two': 12, 'believe': 10, 'who': 16, 'great': 12, 'were': 28, 'us': 20, 'such': 18, 'how': 18, 'long': 13, 'can': 13, 'if': 14, 'only': 27, 'up': 18, "don't": 30, 'your': 45, 'see': 12, 'then': 17, 'thing': 12, 'must': 16, 'should': 13, "it's": 16, 'like': 15, 'very': 13, 'general': 23, 'or': 11, 'time': 11, 'know': 21, 'let': 15, 'voice': 15, 'pervoyedov': 12, 'new': 16, 'oh': 17, 'him': 21, 'three': 11, 'shall': 12, 'avdotya': 14}
Coyote Kills a Giant !724 !{'coyote': 23, 'kills': 3, 'giant': 12, 'from': 4, 'the': 40, 'of': 9, 'about': 3, 'was': 9, 'walking': 3, 'one': 6, 'when': 4, 'he': 20, 'met': 6, 'old': 4, 'woman': 8, 'she': 5, 'him': 11, 'and': 28, 'asked': 6, 'where': 4, 'just': 4, 'around': 4, 'said': 21, 'you': 13, 'stop': 3, 'going': 4, 'that': 8, 'way': 3, "you'll": 3, 'who': 4, "don't": 4, 'me': 4, 'had': 4, 'never': 3, 'always': 3, 'kill': 6, "i'll": 7, 'this': 7, 'too': 3, 'an': 3, 'be': 9, 'as': 9, 'big': 4, 'could': 3, 'so': 5, 'to': 20, 'went': 4, 'whistling': 3, 'on': 7, 'his': 12, 'it': 11, 'up': 3, 'over': 3, 'with': 5, "it's": 4, 'enough': 3, 'walked': 3, 'came': 3, 'cave': 5, 'in': 11, 'ground': 3, "i'm": 4, 'starving': 4, 'walk': 3, 'what': 3, 'are': 4, 'stick': 3, 'if': 3, "you're": 5, "giant's": 8, 'belly': 5, 'how': 3, 'can': 4, 'even': 3, 'thought': 3, 'mouth': 5, 'but': 6, 'out': 7, 'is': 5, 'take': 3, 'soon': 3, 'some': 4, 'people': 4, 'they': 6, 'death': 3, 'inside': 4, 'then': 5, 'we': 4, 'cut': 4, 'meat': 4, 'not': 4, 'started': 4, 'all': 4, 'get': 4, 'heart': 6, 'at': 6, 'through': 4, 'last': 4, 'wood': 4, 'tick': 4}
Daughter for Sale !1755 !{'daughter': 16, 'for': 18, 'by': 12, 'but': 12, 'what': 12, 'was': 26, 'he': 48, 'to': 76, 'have': 16, 'done': 4, 'no': 7, 'matter': 5, 'would': 17, 'let': 8, 'his': 39, 'go': 5, 'with': 24, 'yai': 21, 'phloy': 21, 'so': 18, 'there': 7, 'been': 15, 'in': 29, 'her': 21, 'forcing': 4, 'the': 68, "wouldn't": 6, 'only': 10, 'be': 14, 'himself': 6, 'that': 29, 'destitute': 4, 'had': 39, 'sell': 5, 'word': 4, 'lung': 8, 'maa': 11, 'think': 5, 'of': 41, 'words': 4, 'day': 5, 'were': 12, 'better': 5, 'on': 4, 'could': 5, 'then': 4, 'any': 7, 'is': 4, 'as': 20, 'into': 5, 'it': 8, 'began': 5, 'about': 5, 'and': 24, 'children': 7, 'bangkok': 8, 'their': 9, 'parents': 5, 'get': 5, 'they': 9, 'not': 8, 'at': 6, 'some': 5, 'who': 7, 'them': 5, 'even': 7, 'if': 10, 'or': 8, 'back': 6, 'girls': 8, 'money': 11, 'she': 25, 'from': 10, 'since': 5, 'off': 5, 'when': 7, 'went': 5, 'well': 6, 'one': 9, 'gone': 6, 'three': 5, 'come': 5, 'more': 5, 'nothing': 5, 'paa': 5, 'pay': 10, 'baht': 11, 'debts': 7, 'interest': 6, 'year': 9, 'garlic': 5, 'enough': 6, 'thang': 7, 'rice': 9, 'can': 5, 'land': 7, 'other': 5, 'now': 5, 'you': 8, 'know': 6}
Dave's Neckliss !5253 !{'julius': 16, 'my': 16, 'it': 66, 'was': 15, 'in': 60, 'had': 56, 'to': 30, 'and': 27, 'would': 19, 'the': 56, 'up': 30, 'off': 14, 'his': 58, 'on': 53, 'at': 20, 'ham': 44, 'which': 12, 'of': 34, 'he': 168, 'ez': 16, 'ef': 15, 'er': 99, 'dat': 49, 'me': 20, 'no': 29, 'down': 15, 'all': 41, 'be': 18, 'went': 13, 'out': 18, 'but': 45, 'could': 18, 'see': 11, 'much': 12, 'by': 16, 'so': 37, "wa'n't": 17, 'de': 215, 'wuz': 92, 'bout': 34, 'dave': 96, 'way': 14, 'one': 36, 'long': 15, 'do': 24, 'ter': 184, 'dis': 15, 'yer': 56, 'plantation': 29, 'en': 203, 'im': 42, 'fer': 91, "w'en": 38, 'mo': 18, 'yuther': 16, 'niggers': 31, 'wid': 19, 'gwine': 20, 'dere': 11, 'tell': 12, 'em': 20, 'dey': 32, 'nigger': 19, "w'at": 47, 'didn': 40, 'say': 19, 'nuffin': 11, 'folks': 12, 'mars': 52, 'walker': 20, 'couldn': 11, "hisse'f": 13, 'lack': 16, 'knowed': 14, 'tole': 13, 'dugal': 26, 'look': 13, 'is': 13, 'sezee': 12, 'hab': 11, 'done': 12, "be'n": 16, 'fum': 22, 'dilsey': 35, 'come': 15, 'she': 17, 'seed': 15, 'her': 16, 'ober': 13, 'des': 17, 'atter': 12, 'git': 16, 'roun': 19, 'time': 12, 'got': 22, 'wiley': 13, 'den': 15, 'bacon': 16, 'tuk': 11, 'neck': 14}
Eva Is Inside Her Cat !4173 !{'inside': 7, 'her': 171, 'cat': 13, 'by': 14, 'all': 23, 'of': 122, 'she': 183, 'that': 132, 'beauty': 15, 'had': 78, 'on': 33, 'it': 57, 'to': 134, 'like': 17, 'or': 10, 'still': 12, 'remembered': 12, 'the': 242, 'body': 13, 'with': 36, 'was': 100, 'any': 8, 'longer': 13, 'useless': 8, 'as': 23, 'in': 88, 'being': 9, 'under': 11, 'from': 38, 'at': 17, 'night': 9, 'when': 11, 'insomnia': 7, 'its': 14, 'into': 13, 'would': 59, 'have': 20, 'be': 29, 'an': 24, 'woman': 13, 'everything': 7, 'could': 20, 'feel': 9, 'out': 8, 'if': 13, 'insects': 14, 'who': 21, 'and': 64, 'about': 11, 'their': 10, 'where': 10, 'those': 22, "couldn't": 8, 'they': 16, 'were': 17, 'been': 21, 'there': 34, 'came': 9, 'them': 8, 'his': 22, 'through': 11, 'world': 21, 'no': 30, 'not': 8, 'knew': 7, 'back': 10, 'same': 10, 'for': 27, 'first': 8, 'but': 32, 'tried': 8, 'time': 11, 'along': 7, 'so': 14, 'what': 16, 'after': 11, 'death': 8, 'just': 8, 'up': 12, 'house': 16, 'fear': 17, 'then': 8, 'boy': 15, 'him': 22, 'courtyard': 8, 'orange': 21, 'tree': 8, 'he': 9, 'afraid': 8, 'herself': 17, 'again': 10, 'now': 18, 'life': 9, 'only': 9, 'why': 8, 'moment': 8, 'desire': 12, 'felt': 9, 'get': 8, 'eat': 15}
Evil Engineering The Education vs. The Students !1652 !{'engineering': 11, 'the': 85, 'education': 12, 'students': 11, 'by': 7, 'all': 6, 'of': 39, 'one': 10, 'might': 4, 'and': 36, 'in': 41, 'this': 16, 'can': 5, 'very': 8, 'well': 8, 'be': 21, 'so': 8, 'me': 11, 'it': 11, "i'm": 4, 'with': 7, 'my': 26, 'english': 9, 'finally': 5, 'at': 9, 'as': 19, 'from': 5, 'to': 62, 'that': 20, 'had': 4, 'course': 10, 'even': 4, 'people': 4, 'no': 7, 'him': 4, 'what': 5, 'they': 14, 'do': 9, 'you': 12, 'are': 21, 'some': 9, 'were': 4, 'not': 22, 'which': 13, 'am': 11, 'only': 5, 'student': 7, 'who': 6, 'curriculum': 12, 'here': 6, 'have': 16, 'is': 23, 'on': 5, 'was': 7, 'an': 14, 'for': 15, 'more': 13, 'school': 18, 'would': 12, 'because': 5, 'say': 5, 'his': 8, 'major': 12, 'computer': 5, 'interesting': 6, 'when': 5, 'or': 7, 'minimum': 6, 'but': 8, 'years': 5, 'undergraduate': 6, 'graduate': 5, 'other': 5, 'their': 7, 'much': 5, 'time': 6, 'money': 8, 'core': 6, 'requirements': 6, 'will': 15, 'if': 7, 'take': 8, 'university': 5, 'provide': 5, 'these': 6, 'why': 8, 'should': 5, 'corporation': 5, 'put': 5, 'into': 7, 'humanities': 7, 'courses': 15, 'good': 5, 'writing': 6, 'than': 5, 'there': 5, 'interested': 5, 'science': 6, 'liberal': 5, 'then': 7}
Eyes of a Blue Dog !2533 !{'eyes': 26, 'of': 58, 'blue': 16, 'dog': 16, 'by': 10, 'then': 12, 'she': 97, 'looked': 6, 'at': 23, 'me': 31, 'that': 44, 'was': 33, 'looking': 12, 'for': 12, 'the': 180, 'first': 6, 'time': 9, 'but': 10, 'when': 20, 'turned': 10, 'behind': 6, 'lamp': 20, 'and': 103, 'her': 82, 'in': 45, 'back': 14, 'over': 17, 'my': 24, 'it': 28, 'who': 11, 'cigarette': 8, 'on': 30, 'before': 9, 'chair': 10, 'one': 6, 'saw': 10, 'as': 13, 'if': 13, 'been': 13, 'night': 6, "that's": 6, 'all': 7, 'we': 8, 'other': 9, 'from': 11, 'with': 29, 'hand': 9, 'up': 15, 'remembered': 6, 'said': 55, 'to': 65, "i've": 9, 'mirror': 11, 'now': 17, 'little': 9, 'again': 16, "i'm": 10, 'is': 9, 'about': 8, 'flame': 10, 'same': 7, 'had': 34, 'warming': 6, 'sitting': 6, 'you': 32, "don't": 7, 'feel': 6, 'cold': 7, 'sometimes': 8, 'have': 13, "it's": 9, 'toward': 8, 'seeing': 6, 'what': 8, 'which': 7, 'be': 6, 'just': 6, 'were': 6, 'wall': 8, 'like': 11, 'see': 8, 'could': 7, 'where': 6, 'told': 11, 'raised': 6, 'face': 7, 'he': 7, 'always': 9, 'your': 7, 'hands': 6, 'think': 8, 'copper': 6, 'do': 7, 'no': 6, 'dreams': 7, 'would': 8, 'still': 7, 'door': 7, 'remember': 10, 'wake': 7}
Groundhog !2302 !{'groundhog': 33, 'by': 12, 'it': 55, 'happened': 8, 'that': 67, 'chuck': 59, 'had': 32, 'next': 5, 'to': 65, 'his': 51, 'woodpile': 6, 'so': 22, 'he': 89, 'could': 10, 'the': 96, 'and': 82, 'without': 5, 'much': 8, 'work': 5, 'but': 26, 'what': 16, "didn't": 8, 'know': 7, 'was': 66, 'near': 6, 'of': 35, 'himself': 10, 'for': 14, 'you': 10, 'or': 9, 'from': 11, "weren't": 10, 'back': 9, 'little': 41, 'up': 18, 'big': 25, 'mrs': 11, 'peters': 11, 'as': 13, 'they': 11, 'before': 9, 'when': 15, 'in': 33, 'then': 7, 'with': 18, 'saw': 6, 'old': 12, 'just': 12, 'down': 12, 'around': 10, 'there': 12, 'an': 12, 'all': 11, 'over': 8, 'time': 7, 'get': 13, 'have': 10, 'him': 17, 'out': 27, 'wood': 11, 'house': 8, 'now': 7, "he'd": 16, 'got': 7, 'on': 13, 'done': 6, 'like': 7, 'left': 8, 'made': 7, 'right': 8, 'toward': 6, 'bit': 6, 'too': 6, 'off': 9, 'hog': 7, 'seen': 7, 'woodchuck': 6, 'caught': 6, 'said': 6, 'about': 14, 'dead': 10, 'at': 12, 'sure': 6, 'knew': 6, 'thought': 11, 'after': 6, 'straight': 6, 'room': 10, 'set': 6, 'pa': 6, 'decided': 6, 'ashes': 6, 'those': 6, 'though': 7, 'this': 8, 'coming': 6, 'going': 6, 'again': 6, 'see': 6, 'jake': 6}
Hot-Foot Hannibal !5340 !{'hannibal': 42, 'you': 59, 'and': 55, 'to': 42, 'see': 15, 'well': 12, 'that': 20, 'no': 28, 'do': 17, 'in': 60, 'the': 102, 'of': 36, 'my': 30, 'me': 25, 'had': 69, 'on': 49, 'but': 33, 'not': 14, 'at': 16, 'all': 24, 'say': 12, 'were': 11, 'young': 15, 'was': 21, 'he': 70, 'she': 87, 'so': 34, 'her': 53, 'by': 29, 'some': 11, 'his': 15, 'with': 16, 'for': 15, 'it': 42, 'two': 12, 'be': 23, 'long': 20, 'up': 39, 'down': 32, 'day': 12, 'wife': 16, 'said': 20, 'is': 33, 'one': 14, 'julius': 22, 'way': 15, 'we': 26, 'go': 18, 'road': 27, 'roun': 11, 'de': 202, 'big': 14, 'mis': 20, 'en': 217, 'git': 15, 'know': 11, 'house': 33, 'did': 23, 'wuz': 42, 'dis': 29, 'feet': 13, 'ter': 158, 'dat': 41, 'ef': 14, 'udder': 12, 'des': 16, 'er': 61, 'chloe': 39, 'done': 14, 'mo': 22, 'ober': 13, 'yer': 17, "w'at": 29, 'ole': 27, 'mars': 37, 'dugal': 30, 'tel': 12, 'come': 15, 'den': 12, 'bout': 21, 'gwine': 19, 'sont': 12, 'fer': 52, 'jeff': 54, 'wid': 29, 'fum': 20, 'now': 12, 'nigger': 21, 'back': 22, 'lack': 17, 'im': 48, 'ez': 20, "w'en": 23, 'tol': 12, 'dey': 13, 'got': 28, 'ebenin': 12, 'aun': 13, 'peggy': 12, 'oman': 12}
If You Lived Here, You'd be Home By Now !1109 !{'if': 4, 'be': 3, 'home': 3, 'by': 7, 'the': 85, 'boy': 7, 'was': 33, 'grey': 6, 'too': 3, 'he': 52, 'wore': 4, 'an': 10, 'olive': 3, 'green': 5, 'trenchcoat': 3, 'army': 3, 'cast-off': 3, 'like': 10, 'his': 16, 'boots': 3, 'over': 5, 'funereal': 3, 'black': 4, 'hair': 4, 'eyes': 5, 'they': 8, 'have': 6, 'been': 5, 'and': 50, 'small': 4, 'walked': 11, 'in': 24, 'trance': 6, 'it': 18, 'cold': 9, 'for': 9, 'time': 4, 'of': 31, 'wind': 4, 'as': 8, 'to': 14, 'place': 4, 'had': 7, 'its': 4, 'still': 4, 'tracks': 4, 'down': 11, 'road': 5, 'ground': 4, 'were': 7, 'shades': 4, 'light': 7, 'dark': 6, 'almost': 4, 'beautiful': 4, 'on': 14, 'all': 4, 'more': 5, 'color': 4, 'past': 8, 'into': 8, 'with': 10, 'front': 5, 'back': 8, 'inside': 4, 'there': 6, 'when': 6, 'came': 4, 'out': 5, 'bag': 5, 'sat': 5, 'bright': 4, 'from': 5, 'face': 5, 'or': 5, 'red': 4, 'blue': 4, 'would': 5, 'quickly': 4, 'one': 6, 'looked': 4, 'up': 5, 'again': 4, 'then': 4, 'circle': 4, 'passed': 6, 'chinese': 4, 'restaurant': 4, 'people': 9, 'around': 4, 'men': 4, 'painted': 4, 'stopped': 4, 'through': 4, 'door': 4, 'warm': 5, 'women': 4, 'houses': 5, 'wall': 4, 'brilliant': 4}
Love in the Age of Haniel !2757 !{'love': 7, 'in': 48, 'the': 146, 'of': 69, 'by': 12, 'she': 86, 'when': 15, 'to': 60, 'envy': 12, 'her': 68, 'dreams': 19, 'maybe': 6, 'after': 8, "he'd": 7, 'moved': 5, 'out': 13, 'and': 51, 'back': 11, 'or': 5, 'he': 64, 'name': 5, 'baby': 12, 'said': 26, 'no': 11, 'truth': 6, 'is': 6, "didn't": 11, 'had': 24, 'husband': 21, 'always': 6, "she'd": 9, 'never': 5, 'now': 9, 'them': 13, 'like': 15, 'could': 6, 'see': 7, 'was': 45, 'his': 13, 'dream': 23, 'up': 7, 'on': 18, 'one': 10, 'looking': 5, 'told': 5, 'this': 13, 'morning': 6, 'about': 5, 'people': 5, 'still': 7, 'thought': 6, 'they': 21, 'were': 15, 'but': 16, 'over': 7, 'it': 40, 'all': 6, 'that': 17, 'really': 7, 'as': 8, 'him': 9, 'with': 30, 'little': 8, 'bed': 10, 'asked': 8, 'their': 7, 'two': 7, 'be': 12, 'for': 21, 'not': 11, 'looked': 7, 'from': 12, 'an': 12, 'midwife': 8, 'into': 7, 'pillow': 6, 'filled': 6, 'are': 10, 'you': 34, 'old': 6, 'room': 6, 'my': 10, 'me': 11, 'do': 8, 'know': 6, 'found': 6, 'at': 11, 'these': 6, "i've": 9, 'went': 7, 'laurel': 26, 'moonflower': 9, 'your': 7, 'what': 8, 'grapes': 6, 'have': 10, 'if': 7, 'would': 9, 'book': 8, 'night': 7}
Monsera Banosera !1012 !{'monsera': 14, 'banosera': 14, 'by': 3, 'scratching': 3, 'his': 16, 'bluish': 3, 'and': 35, 'to': 25, 'combelonian': 4, 'de': 3, 'adamville': 3, 'who': 7, 'had': 3, 'in': 18, 'zarza': 3, 'con': 3, 'dio': 3, 'yielded': 3, 'shaking': 3, 'flashes': 3, 'out': 7, 'of': 19, 'steel': 3, 'claws': 3, 'bebe': 11, 'bebino': 10, 'cried': 3, 'leaving': 3, 'the': 75, 'cinema': 8, 'like': 10, "it's": 3, 'under': 3, 'with': 11, 'this': 9, 'among': 4, 'all': 7, 'plants': 3, 'is': 14, 'so': 3, 'she': 8, 'right': 7, 'give': 5, 'damn': 5, 'about': 9, 'money': 3, 'big': 9, 'sky': 3, "what's": 3, 'trick': 3, "don't": 3, 'godzilas': 3, 'titans': 3, 'are': 8, 'or': 6, 'you': 29, 'up': 4, 'away': 3, 'first': 3, 'her': 6, 'that': 6, 'picking': 3, 'nose': 3, 'climbing': 3, 'on': 9, 'from': 3, 'aga': 8, 'muerte': 8, 'ortadoglu': 8, 'one': 3, 'he': 4, 'wind': 6, 'blow': 3, 'tongue': 3, 'an': 4, 'saw': 3, 'into': 5, "you're": 9, 'man': 3, 'shouted': 4, 'gone': 3, "ain't": 4, 'country': 4, 'anymore': 3, 'me': 6, 'your': 8, 'know': 4, "didn't": 5, 'it': 8, 'for': 4, 'what': 7, 'was': 9, 'asked': 8, 'ass': 4, 'mad': 5, 'dead': 7, 'love': 4, 'bet': 4, 'yeap': 4, 'ha': 4}
Montebelluna !1557 !{'montebelluna': 5, 'he': 61, "can't": 5, 'it': 19, 'thinks': 4, 'even': 4, 'if': 5, 'every': 7, 'in': 28, 'still': 4, 'be': 5, 'to': 37, 'one': 5, 'that': 13, 'like': 7, 'this': 5, 'while': 6, 'walks': 6, 'through': 9, 'the': 111, 'sky': 4, 'and': 42, 'its': 4, 'of': 24, 'nothing': 7, 'trees': 6, 'up': 9, 'for': 12, 'notices': 4, 'ghosts': 4, 'will': 4, 'dead': 5, 'say': 4, 'was': 5, 'war': 9, 'all': 9, 'now': 6, 'no': 8, 'but': 14, 'knows': 5, 'his': 26, 'so': 4, 'day': 9, "he's": 4, 'has': 5, 'village': 7, 'on': 6, 'at': 6, 'him': 18, 'their': 9, 'they': 8, 'hide': 4, 'is': 10, 'do': 7, 'when': 8, 'from': 13, 'body': 5, 'as': 7, 'can': 4, 'thoughts': 4, 'her': 42, 'house': 7, 'never': 6, 'walls': 6, 'because': 8, 'looks': 4, 'window': 4, 'sees': 4, 'maria': 6, 'she': 39, 'sews': 4, 'dress': 7, 'into': 8, 'giovanni': 9, 'come': 5, 'you': 12, 'hair': 7, "didn't": 5, 'with': 8, 'dark': 5, 'coffee': 4, 'yes': 7, 'chair': 9, "you're": 4, 'then': 5, 'vittorio': 9, 'over': 4, 'maybe': 4, 'peace': 4, 'must': 6, 'says': 7, 'work': 4, 'or': 6, 'hands': 4, 'me': 8, "it's": 6, 'about': 5, 'an': 5, 'have': 5, 'not': 6}
Mrs. T's Story !795 !{'by': 4, 'felt': 6, 'bad': 6, 'today.that': 3, 'headache': 3, 'was': 24, 'back': 4, 'dr': 4, 'wilkins': 4, 'came': 5, 'and': 34, 'spent': 3, 'some': 10, 'time': 7, 'with': 11, 'me': 18, 'he': 10, 'is': 10, 'very': 5, 'nice': 3, 'all': 5, 'the': 44, 'inmates,but': 3, 'sometimes': 6, 'think': 5, 'can': 3, 'detect': 3, 'trace': 3, 'of': 18, 'annoyance': 3, 'in': 12, 'him': 6, 'when': 7, 'martha': 5, 'goes': 3, 'on': 12, 'her': 5, 'list': 3, 'complaints': 3, 'does': 3, 'not': 13, 'want': 4, 'to': 27, 'let': 4, 'go': 5, 'wanted': 4, 'talk': 3, 'about': 3, 'my': 10, 'life': 3, 'but': 7, 'remember': 4, 'so': 3, 'able': 3, 'recall': 3, 'that': 20, 'as': 4, 'has': 3, 'dr.wilkins': 4, 'said': 7, 'should': 3, 'down': 4, 'incident': 3, 'would': 6, 'last': 3, 'had': 6, 'falling': 3, 'it': 8, 'did': 6, 'help': 3, 'a.m': 3, 'from': 3, 'something': 3, 'drink': 3, 'then': 5, 'small': 3, 'saw': 4, 'there': 4, 'nurse': 3, 'roger': 7, 'our': 3, 'were': 6, 'going': 4, 'for': 5, 'at': 4, 'headaches': 3, 'they': 8, 'lasted': 3, 'heard': 3, 'voices': 3, 'wife': 3, 'could': 4, 'what': 5, 'like': 6, 'pain': 4, 'you': 5, 'know': 5, 'day': 4, 'out': 4, 'sleep': 4}
Paddyfields !1780 !{'paddyfields': 13, 'by': 6, 'the': 127, 'soft': 4, 'of': 55, 'planted': 4, 'people': 5, 'who': 8, 'look': 4, 'at': 9, 'them': 12, 'and': 42, 'but': 8, 'there': 6, 'can': 5, 'for': 22, 'rice': 6, 'other': 6, 'to': 44, 'from': 9, 'as': 15, 'they': 11, 'have': 15, 'no': 5, 'in': 38, 'are': 5, 'or': 6, 'any': 7, 'all': 11, 'been': 8, 'that': 20, 'again': 4, 'anyone': 4, 'go': 5, 'plants': 5, 'frogs': 7, 'fish': 27, 'such': 4, 'phak': 5, 'these': 4, 'had': 21, 'over': 6, 'this': 6, 'season': 4, 'just': 7, 'before': 8, 'up': 7, 'came': 6, 'their': 13, 'kham': 13, 'than': 5, 'ever': 5, 'he': 36, 'so': 13, 'many': 4, 'after': 8, 'with': 16, 'paa': 5, 'phuang': 5, 'his': 35, 'lung': 13, 'was': 18, 'finally': 4, 'long': 6, 'could': 5, 'it': 22, 'already': 4, 'if': 7, 'only': 4, 'mida': 7, 'would': 8, 'be': 6, 'more': 6, 'light': 5, 'water': 11, 'cage': 6, 'night': 7, 'not': 8, 'lantern': 9, 'him': 8, 'daeng': 8, 'father': 5, 'time': 5, 'left': 7, 'were': 5, 'now': 5, 'hand': 6, 'right': 6, 'knife': 6, 'about': 5, 'on': 9, 'into': 6, 'out': 6, 'you': 18, 'down': 6, 'might': 5, 'hit': 5, 'then': 6, 'thai': 5, 'surasingh': 5}
Pataggonia !571 !{'pataggonia': 8, 'by': 3, 'to': 11, 'buy': 3, 'yourself': 3, 'country': 6, 'what': 4, 'ho': 4, 'but': 7, 'an': 3, 'well': 3, 'belbbo': 7, 'atipal': 8, 'was': 18, 'so': 3, 'he': 23, 'on': 8, '42nd': 3, 'at': 9, 'himself': 4, 'him': 14, 'now': 4, 'his': 12, 'street': 4, 'por': 5, 'mador': 5, 'with': 5, 'hashish': 3, 'gervella': 5, 'banzi': 5, 'had': 5, 'zul': 5, 'pazul': 5, 'for': 5, 'and': 17, 'all': 4, 'guitar': 3, 'in': 10, 'of': 14, 'them': 9, 'the': 24, 'police': 3, 'only': 4, 'you': 4, 'have': 3, 'when': 3, 'from': 3, 'they': 6, 'asked': 4, 'would': 3, 'be': 3, 'kind': 3, 'as': 4, 'it': 8, 'or': 3, 'how': 4, 'is': 3, 'your': 3, 'her': 4, 'head': 3, 'house': 3, 'cursed': 3, 'started': 3, 'virtual': 6, 'machine': 5, 'hell': 3, 'that': 6, 'shouted': 4, 'told': 3, 'called': 3, 'though': 3, 'huge': 3, 'eagle': 6, 'see': 3, "don't": 3, 'me': 3}
Po' Sandy !4345 !{'sandy': 60, 'on': 38, 'the': 92, 'of': 41, 'my': 18, 'in': 57, 'and': 32, 'house': 11, 'it': 43, 'was': 11, 'lumber': 15, 'but': 30, 'one': 24, 'to': 42, 'which': 15, 'had': 38, 'off': 12, 'with': 10, 'by': 13, 'from': 11, 'for': 12, 'out': 18, 'time': 11, 'some': 14, 'wife': 17, 'me': 10, 'her': 44, 'new': 11, 'kitchen': 18, 'we': 12, 'back': 19, 'down': 18, 'old': 9, 'that': 11, 'would': 16, 'julius': 10, 'saw-mill': 12, 'long': 15, 'his': 22, 'could': 15, 'not': 12, 'log': 13, 'saw': 13, 'dat': 32, 'des': 11, 'do': 16, 'is': 11, 'turn': 14, 'no': 32, 'en': 161, 'er': 64, 'ter': 148, 'ole': 11, 'he': 42, 'plantation': 12, 'she': 51, 'nigger': 9, "w'at": 23, 'mars': 35, 'marrabo': 22, 'wuz': 67, 'de': 182, 'yuther': 10, 'right': 9, 'nex': 10, "monst'us": 10, 'so': 31, 'things': 10, "w'en": 36, 'up': 36, 'dey': 47, 'all': 21, 'fer': 58, 'be': 19, 'den': 11, 'tel': 10, 'im': 25, 'roun': 13, 'go': 16, 'didn': 16, 'gwine': 14, 'come': 15, 'wid': 15, 'tuk': 11, 'bout': 13, 'atter': 13, 'got': 26, 'tenie': 45, 'night': 10, 'mo': 12, 'befo': 10, 'yer': 19, 'wanter': 10, 'git': 14, 'hit': 13, 'away': 11, 'you': 11, 'tree': 24, 'say': 18, 'run': 10}
Ripple !3070 !{'by': 6, 'my': 16, 'roommate': 6, 'trevor': 47, 'played': 6, 'one': 13, 'of': 62, 'the': 192, 'characters': 11, 'that': 33, 'or': 12, 'kids': 11, 'at': 38, 'two': 12, 'weeks': 6, 'he': 79, 'was': 21, 'millie': 16, 'muskrat': 8, 'and': 91, 'every': 7, 'would': 13, 'take': 7, 'up': 14, 'from': 14, 'dressing': 7, 'room': 10, 'to': 84, 'in': 63, 'can': 8, "millie's": 6, 'day': 7, 'an': 8, 'took': 9, 'warner': 7, 'brothers': 6, 'riverside': 7, 'as': 15, 'for': 25, 'are': 9, 'with': 27, 'its': 7, 'work': 8, 'be': 8, 'off': 9, 'after': 6, 'his': 58, 'weekend': 7, 'were': 8, 'they': 14, 'their': 8, 'time': 6, 'had': 24, 'park': 12, 'only': 6, 'been': 10, 'before': 6, 'me': 26, 'no': 7, 'out': 10, 'so': 10, 'him': 30, 'on': 30, 'bus': 8, 'some': 10, 'not': 13, 'seat': 7, 'over': 6, 'window': 6, 'minutes': 6, 'back': 9, 'several': 6, 'sat': 6, 'down': 10, 'next': 6, 'her': 6, 'but': 11, 'when': 8, 'said': 18, 'around': 7, 'way': 7, 'like': 10, 'always': 8, 'you': 20, 'asked': 10, 'into': 12, 'this': 7, 'himself': 9, 'have': 8, 'all': 21, 'what': 7, 'see': 7, 'weather': 7, 'about': 9, 'jones': 11, 'is': 19, 'your': 7, 'know': 7, 'theory': 8, 'it': 9}
SECOND HAND ROWS !2110 !{'when': 19, 'left': 6, 'the': 88, 'two': 15, 'years': 6, 'was': 11, 'to': 55, 'of': 55, 'with': 19, 'felt': 5, 'and': 59, 'but': 13, "it's": 24, 'like': 17, 'this': 18, 'back': 10, 'on': 24, 'because': 14, 'at': 16, 'know': 11, "there's": 15, 'store': 8, 'in': 23, 'my': 22, 'that': 19, 'up': 11, 'there': 9, 'for': 29, 'new': 5, "i'm": 17, 'or': 16, 'can': 5, 'anything': 6, 'buy': 7, 'than': 6, "don't": 11, "can't": 6, 'turn': 5, 'around': 7, 'never': 6, 'have': 14, 'even': 5, 'is': 16, 'really': 8, 'you': 28, 'them': 14, 'people': 11, 'now': 6, 'clothes': 9, 'three': 5, 'be': 5, 'time': 11, 'myself': 6, 'everything': 5, 'home': 5, 'would': 7, 'get': 14, 'things': 6, 'had': 9, 'it': 21, "didn't": 5, 'think': 5, 'if': 12, 'could': 5, 'just': 10, 'where': 8, 'see': 6, 'me': 24, 'every': 7, 'out': 18, 'into': 7, 'one': 15, 'kind': 5, 'so': 10, 'by': 8, 'they': 17, 'before': 7, 'way': 8, 'going': 6, "i've": 7, 'women': 8, 'other': 7, 'no': 11, 'about': 7, 'are': 6, 'down': 6, 'how': 6, 'much': 7, 'her': 21, "they're": 6, 'off': 9, "she's": 8, 'she': 14, 'feet': 6, 'his': 6, 'pull': 6, 'what': 6, 'fight': 9, 'men': 6, 'over': 8}
Smoke !2374 !{'smoke': 10, 'it': 53, 'all': 18, 'at': 18, "shoop's": 11, 'the': 115, 'thing': 7, 'between': 7, 'kyle': 44, 'and': 75, 'me': 35, 'he': 33, 'was': 57, 'with': 20, 'one': 9, 'of': 34, 'darts': 10, 'back': 6, 'in': 26, 'his': 30, 'real': 6, 'so': 14, 'you': 35, 'really': 8, 'if': 8, 'or': 9, 'too': 9, 'to': 46, 'see': 8, 'what': 21, 'had': 17, 'dart': 11, 'kinda': 11, 'like': 19, 'for': 13, 'but': 23, 'this': 13, 'make': 6, 'about': 12, 'watched': 7, 'as': 13, 'into': 6, 'not': 9, 'said': 22, 'little': 7, 'over': 7, 'that': 23, 'pitcher': 6, 'my': 19, 'on': 27, 'up': 14, 'always': 7, 'could': 6, 'him': 20, 'even': 7, "didn't": 20, 'when': 11, 'off': 9, 'just': 13, 'out': 23, 'cigarette': 13, 'much': 9, 'nothing': 6, 'took': 8, 'first': 6, 'table': 9, 'there': 14, 'face': 7, 'do': 9, 'got': 9, 'down': 6, 'call': 6, 'going': 6, 'eyes': 11, 'some': 10, 'is': 8, 'macy': 15, 'go': 11, 'her': 14, 'heard': 7, 'from': 16, 'anything': 7, 'head': 7, 'fucking': 7, "ain't": 8, 'she': 22, 'were': 9, 'girl': 9, 'we': 15, 'while': 7, 'know': 12, 'shit': 11, 'time': 8, "wasn't": 9, 'something': 12, 'been': 7, 'come': 7, 'felt': 8, 'another': 8, 'bottle': 9}
The Adventures of Aladdin !1760 !{'the': 131, 'adventures': 4, 'of': 31, 'aladdin': 42, 'one': 6, 'day': 8, 'as': 17, 'he': 44, 'was': 26, 'for': 19, 'in': 25, 'some': 5, 'way': 4, 'from': 9, 'met': 4, 'stranger': 6, 'this': 10, 'man': 4, 'with': 16, 'and': 51, 'splendid': 4, 'his': 38, 'asked': 7, 'an': 8, 'question': 4, 'come': 4, 'here': 5, 'boy': 5, 'how': 6, 'you': 20, 'like': 6, 'to': 54, 'silver': 5, 'widow': 6, 'had': 22, 'only': 7, 'son': 6, 'they': 6, 'hand': 5, 'did': 5, 'what': 8, 'could': 5, 'by': 6, 'do': 6, 'that': 12, "i'm": 7, 'not': 5, 'down': 6, 'your': 8, 'it': 22, 'went': 6, 'found': 5, 'himself': 6, 'old': 7, 'lamp': 21, 'when': 6, "aladdin's": 7, 'him': 9, 'out': 6, 'bring': 6, 'me': 13, 'all': 9, 'want': 5, 'wizard': 12, 'be': 7, 'on': 13, 'but': 8, 'back': 8, 'never': 6, 'so': 7, 'ring': 5, 'finger': 6, 'then': 6, 'round': 5, 'genie': 21, 'at': 15, 'said': 7, 'now': 7, 'home': 7, 'own': 5, 'mother': 10, 'she': 7, 'her': 11, 'told': 9, 'everything': 5, 'into': 5, 'wife': 5, 'halima': 7, 'princess': 6, 'marry': 5, 'sultan': 10, 'palace': 14, 'must': 5, 'forty': 5, 'magic': 7, 'where': 5, 'knew': 5, 'away': 6, 'take': 6, 'again': 5}
The Adventures of the Soul !966 !{'the': 58, 'adventures': 5, 'of': 45, 'soul': 5, 'by': 5, 'anatole': 3, 'france': 3, 'as': 7, 'understand': 4, 'criticism': 6, 'it': 17, 'is': 25, 'like': 6, 'philosophy': 5, 'and': 31, 'history': 6, 'kind': 3, 'novel': 5, 'for': 9, 'use': 3, 'discreet': 3, 'curious': 4, 'minds': 3, 'every': 4, 'rightly': 3, 'understood': 3, 'an': 7, 'autobiography': 3, 'good': 3, 'critic': 7, 'he': 11, 'who': 8, 'relates': 3, 'his': 4, 'among': 4, 'masterpieces': 3, 'there': 3, 'no': 3, 'objective': 3, 'any': 3, 'more': 4, 'than': 3, 'all': 9, 'themselves': 3, 'that': 16, 'they': 10, 'but': 7, 'into': 5, 'their': 6, 'work': 3, 'are': 8, 'most': 5, 'one': 7, 'our': 4, 'greatest': 3, 'what': 3, 'would': 6, 'we': 13, 'not': 8, 'to': 27, 'see': 3, 'if': 3, 'with': 6, 'or': 11, 'brain': 3, 'us': 15, 'be': 12, 'men': 5, 'been': 3, 'women': 3, 'do': 3, 'me': 7, 'terrible': 3, 'speak': 3, 'time': 3, 'have': 6, 'quite': 3, 'ought': 3, 'say': 3, 'myself': 3, 'on': 3, 'was': 5, 'in': 14, 'little': 4, 'which': 7, 'kinds': 4, 'without': 6, 'them': 11, 'has': 5, 'long': 5, 'its': 4, 'were': 7, 'from': 4, 'book': 4, 'many': 4, 'books': 11, 'let': 9, 'love': 4, 'ages': 4, 'then': 5}
The Ambitious Guest !3151 !{'the': 260, 'by': 14, 'there': 14, 'were': 21, 'which': 13, 'some': 7, 'to': 73, 'that': 29, 'stranger': 12, 'had': 42, 'been': 17, 'into': 13, 'cottage': 9, 'on': 18, 'this': 13, 'night': 9, 'and': 133, 'of': 101, 'all': 20, 'its': 10, 'one': 14, 'family': 11, 'round': 8, 'their': 26, 'it': 32, 'with': 30, 'mountain': 13, 'great': 6, 'down': 7, 'up': 12, 'fire': 11, 'mother': 7, 'children': 8, 'was': 30, 'at': 24, 'who': 12, 'in': 41, 'old': 17, 'they': 27, 'notch': 10, 'before': 10, 'for': 23, 'so': 13, 'would': 12, 'them': 11, 'just': 8, 'when': 20, 'came': 6, 'through': 6, 'door': 10, 'sound': 6, 'though': 8, 'but': 25, 'his': 36, 'as': 29, 'he': 29, 'from': 21, 'such': 8, 'is': 19, 'side': 6, 'mountains': 6, 'no': 7, 'here': 6, 'might': 8, 'not': 16, 'him': 7, 'could': 8, 'or': 15, 'house': 6, 'way': 7, 'put': 7, 'if': 15, 'an': 12, 'whole': 7, 'young': 10, 'man': 9, 'road': 6, 'heart': 6, 'woman': 7, 'her': 15, 'little': 6, 'right': 6, 'cried': 7, 'circle': 7, 'like': 8, 'has': 6, 'my': 14, 'then': 7, 'you': 16, 'said': 13, 'have': 17, 'good': 7, 'me': 8, 'among': 7, 'should': 9, 'be': 20, 'now': 7, 'yet': 7, 'what': 12, 'she': 10}
The Billionaire !1129 !{'the': 61, 'billionaire': 9, 'by': 6, 'kings': 3, 'of': 46, 'and': 26, 'all': 11, 'other': 5, 'always': 4, 'in': 15, 'degree': 3, 'my': 5, 'power': 3, 'it': 9, 'seemed': 3, 'to': 29, 'me': 9, 'that': 24, 'these': 3, 'people': 3, 'who': 5, 'possess': 4, 'so': 5, 'much': 4, 'money': 10, 'could': 6, 'not': 7, 'be': 14, 'like': 8, 'each': 3, 'said': 7, 'myself': 11, 'must': 9, 'his': 26, 'at': 11, 'least': 3, 'three': 3, 'hundred': 4, 'fifty': 3, 'teeth': 5, 'millionaire': 3, 'without': 5, 'from': 4, 'six': 4, "o'clock": 3, 'morning': 4, 'saying': 3, 'most': 3, 'toward': 4, 'then': 4, 'he': 28, 'such': 6, 'pictured': 4, 'servants': 3, 'had': 7, 'with': 14, 'day': 3, 'covered': 3, 'put': 4, 'order': 3, 'on': 7, 'might': 4, 'able': 4, 'again': 4, 'for': 9, 'man': 6, 'take': 3, 'consume': 3, 'half': 4, 'is': 10, 'but': 8, 'what': 8, 'one': 8, 'do': 8, 'if': 5, 'eat': 4, 'more': 5, 'this': 8, 'being': 5, 'gold': 5, 'head': 7, 'very': 4, 'an': 7, 'which': 8, 'was': 9, 'out': 5, 'into': 4, 'thought': 5, 'can': 4, 'when': 4, 'old': 5, 'eyes': 4, 'him': 4, 'are': 7, 'you': 10, 'answered': 5, 'how': 5, 'meat': 4, "that's": 5, 'make': 5}
THE BIRTHDAY OF THE INFANTA !7251 !{'the': 598, 'of': 254, 'infanta': 37, 'to': 151, 'it': 63, 'was': 110, 'she': 63, 'just': 15, 'and': 378, 'in': 110, 'palace': 10, 'spain': 10, 'had': 96, 'only': 14, 'one': 16, 'every': 10, 'like': 15, 'children': 18, 'quite': 18, 'so': 41, 'great': 24, 'that': 102, 'should': 12, 'have': 20, 'really': 10, 'for': 64, 'certainly': 11, 'stood': 14, 'up': 23, 'upon': 10, 'their': 55, 'long': 15, 'looked': 14, 'at': 63, 'said': 12, 'as': 60, 'about': 15, 'with': 101, 'gold': 10, 'on': 53, 'little': 43, 'out': 34, 'white': 20, 'even': 14, 'from': 27, 'seemed': 16, 'down': 16, 'her': 92, 'round': 16, 'own': 10, 'but': 35, 'an': 10, 'king': 12, 'come': 11, 'there': 17, 'they': 47, 'eyes': 11, 'black': 12, 'silver': 12, 'all': 32, 'after': 17, 'two': 11, 'which': 24, 'beautiful': 12, 'rose': 15, 'them': 23, 'him': 60, 'his': 98, 'he': 166, 'by': 32, 'than': 10, 'or': 13, 'who': 24, 'thought': 10, 'before': 15, 'been': 29, 'not': 32, 'this': 12, 'its': 18, 'hand': 15, 'went': 11, 'through': 15, 'would': 27, 'hands': 10, 'when': 33, 'into': 21, 'were': 36, 'be': 21, 'is': 17, 'no': 16, 'never': 12, 'himself': 13, 'some': 18, 'made': 20, 'much': 14, 'too': 14, 'could': 19, 'dance': 22, 'dwarf': 21, 'forest': 11}
The Black Cat !3741 !{'the': 271, 'black': 6, 'cat': 12, 'by': 29, 'for': 34, 'most': 12, 'yet': 9, 'which': 37, 'am': 11, 'about': 13, 'to': 112, 'expect': 5, 'mad': 5, 'would': 12, 'be': 16, 'it': 71, 'in': 58, 'my': 113, 'very': 16, 'their': 8, 'own': 10, 'not': 33, 'and': 125, 'but': 27, 'soul': 9, 'is': 10, 'place': 6, 'of': 178, 'these': 9, 'have': 16, 'me': 36, 'will': 6, 'them': 6, 'they': 6, 'little': 6, 'horror': 6, 'than': 13, 'some': 9, 'more': 15, 'with': 40, 'an': 10, 'from': 30, 'was': 52, 'heart': 10, 'even': 12, 'so': 14, 'as': 33, 'make': 6, 'when': 10, 'this': 38, 'one': 25, 'who': 8, 'at': 35, 'or': 16, 'him': 8, 'had': 53, 'wife': 11, 'no': 20, 'large': 6, 'animal': 8, 'made': 9, 'all': 10, 'that': 31, 'upon': 25, 'reason': 7, 'now': 9, 'pluto': 8, 'he': 8, 'house': 13, 'could': 9, 'through': 7, 'day': 10, 'myself': 12, 'length': 7, 'were': 8, 'came': 9, 'what': 7, 'night': 8, 'hand': 7, 'knew': 8, 'once': 9, 'its': 19, 'beast': 9, 'half': 6, 'been': 23, 'into': 15, 'terror': 6, 'on': 7, 'creature': 6, 'then': 6, 'if': 8, 'because': 6, 'such': 7, 'say': 6, 'hung': 6, 'fire': 7, 'up': 8, 'walls': 7, 'wall': 9, 'cellar': 8}
The Bouquet !4131 !{'the': 286, 'bouquet': 8, 'mary': 8, "myrover's": 17, 'were': 20, 'when': 29, 'she': 103, 'to': 122, 'colored': 17, 'school': 13, 'miss': 36, 'more': 10, 'than': 8, 'in': 80, 'is': 8, 'which': 19, 'be': 26, 'did': 11, 'not': 33, 'children': 12, 'all': 11, 'there': 12, 'by': 15, 'white': 16, 'and': 130, 'had': 70, 'been': 24, 'so': 13, 'for': 39, 'that': 29, 'time': 10, 'but': 29, 'them': 22, 'people': 16, 'of': 130, 'some': 20, 'their': 17, 'own': 9, 'as': 27, 'was': 72, 'it': 34, 'up': 13, 'this': 8, 'no': 15, 'her': 97, 'work': 8, 'most': 8, 'who': 17, 'old': 10, 'they': 21, 'said': 16, 'upon': 8, 'myrover': 30, 'one': 16, 'before': 8, 'brought': 8, 'at': 27, 'on': 29, 'his': 18, 'cemetery': 8, 'day': 13, 'other': 11, 'with': 34, 'flowers': 11, 'always': 8, 'too': 8, 'others': 9, 'come': 9, 'home': 10, 'now': 8, 'only': 9, 'little': 16, 'mrs': 9, 'house': 9, 'an': 14, 'very': 11, 'could': 19, 'teacher': 15, 'what': 8, 'would': 9, 'have': 16, 'from': 18, 'perhaps': 9, 'if': 13, 'any': 11, 'see': 8, 'first': 9, 'though': 12, 'or': 16, 'went': 9, 'sophy': 46, 'out': 13, 'services': 8, 'roses': 11, 'yellow': 9, 'prince': 10, 'he': 13, 'you': 14, 'until': 8, 'church': 9}
The Cask of Amontillado !2244 !{'the': 174, 'of': 79, 'amontillado': 18, 'by': 9, 'fortunato': 16, 'had': 23, 'as': 16, 'but': 20, 'when': 7, 'he': 55, 'upon': 17, 'you': 27, 'who': 5, 'so': 6, 'well': 5, 'my': 37, 'will': 15, 'not': 24, 'that': 20, 'to': 52, 'at': 17, 'length': 5, 'be': 15, 'this': 12, 'was': 31, 'point': 5, 'very': 5, 'with': 22, 'which': 10, 'it': 40, 'must': 7, 'punish': 5, 'is': 20, 'its': 9, 'him': 14, 'good': 5, 'in': 36, 'his': 18, 'and': 64, 'did': 6, 'now': 5, 'man': 5, 'on': 8, 'wine': 5, 'few': 5, 'have': 15, 'true': 5, 'for': 16, 'their': 5, 'from': 19, 'about': 8, 'one': 9, 'friend': 8, 'me': 12, 'been': 6, 'bells': 6, 'said': 25, 'are': 15, 'how': 5, 'replied': 9, 'were': 7, 'them': 7, 'luchresi': 7, 'cannot': 5, 'your': 9, 'come': 5, 'let': 9, 'us': 11, 'go': 7, 'vaults': 6, 'no': 12, 'an': 8, 'nitre': 6, 'nothing': 5, 'arm': 5, 'there': 8, 'these': 8, 'back': 7, 'two': 6, 'through': 5, 'into': 6, 'passed': 5, 'long': 7, 'we': 12, 'catacombs': 7, 'walls': 5, 'ugh': 16, 'last': 5, 'again': 7, 'grew': 5, 'bones': 7, 'then': 5, 'yes': 8, 'crypt': 5, 'still': 5, 'within': 5, 'wall': 6, 'recess': 6, 'niche': 5, 'tier': 5}
The Devoted Friend !4184 !{'the': 263, 'devoted': 9, 'friend': 18, 'by': 12, 'one': 16, 'water-rat': 17, 'his': 64, 'head': 9, 'out': 8, 'of': 79, 'he': 93, 'had': 21, 'and': 187, 'was': 70, 'like': 14, 'long': 8, 'little': 54, 'were': 9, 'about': 15, 'in': 60, 'who': 8, 'with': 29, 'to': 120, 'them': 11, 'how': 12, 'on': 24, 'you': 87, 'will': 19, 'never': 14, 'be': 19, 'your': 13, 'now': 13, 'there': 20, 'it': 66, 'but': 38, 'no': 12, 'they': 9, 'so': 35, 'that': 67, 'not': 24, 'know': 11, 'what': 20, 'is': 69, 'at': 35, 'all': 26, 'cried': 15, 'really': 18, 'answered': 17, 'said': 49, 'am': 34, 'have': 35, 'very': 36, 'well': 18, 'friendship': 15, 'much': 10, 'or': 10, 'linnet': 13, 'give': 16, 'good': 20, 'should': 11, 'my': 45, 'me': 26, 'would': 16, 'do': 17, "don't": 14, 'story': 9, 'if': 18, 'for': 38, 'down': 12, 'hans': 60, 'think': 12, 'himself': 10, 'day': 12, 'garden': 9, 'as': 28, 'went': 11, 'always': 11, 'things': 10, 'great': 16, 'big': 12, 'miller': 49, 'say': 13, 'him': 19, 'came': 11, 'flowers': 12, 'any': 9, 'some': 11, 'see': 11, 'then': 12, 'going': 14, 'are': 14, 'certainly': 14, 'quite': 18, 'up': 12, 'thing': 9, 'afraid': 12, 'has': 9, 'back': 10, 'wheelbarrow': 20, 'off': 13}
THE DISPUTES OF THE FLUTE-PLAYERS !813 !{'the': 47, 'disputes': 3, 'of': 34, 'flute-players': 3, 'in': 22, 'aesthetics': 4, 'that': 18, 'is': 26, 'to': 20, 'say': 3, 'one': 14, 'can': 3, 'more': 4, 'and': 20, 'than': 5, 'any': 4, 'other': 4, 'it': 19, 'there': 8, 'must': 4, 'be': 11, 'has': 4, 'as': 9, 'well': 4, 'an': 6, 'which': 13, 'matters': 3, 'you': 7, 'when': 5, 'they': 6, 'are': 5, 'beautiful': 3, 'will': 12, 'admirable': 3, 'this': 4, 'not': 6, 'even': 6, 'mathematical': 3, 'so': 5, 'but': 6, 'such': 4, 'cannot': 4, 'work': 5, 'except': 3, 'because': 3, 'grain': 3, 'sand': 3, 'its': 4, 'what': 3, 'brain': 3, 'on': 8, 'nothing': 3, 'solid': 3, 'men': 5, 'have': 8, 'upon': 3, 'ethics': 3, 'no': 4, 'sociology': 3, 'nor': 5, 'biology': 3, 'whose': 3, 'been': 3, 'some': 6, 'years': 3, 'may': 5, 'also': 3, 'then': 3, 'time': 3, 'aesthetic': 3, 'foundations': 3, 'by': 7, 'our': 5, 'very': 3, 'without': 5, 'reason': 3, 'us': 7, 'those': 5, 'last': 3, 'their': 6, 'into': 3, 'eternal': 3, 'agreement': 3, 'criticism': 3, 'neither': 3, 'opinion': 3, 'certain': 3, 'works': 6, 'prejudice': 3, 'at': 5, 'all': 7, 'others': 3, 'really': 3, 'much': 3, 'we': 4, 'greek': 3, 'for': 4, 'with': 4, 'primitive': 4, 'homer': 4}
The Door !1992 !{'the': 198, 'door': 18, 'by': 12, 'everything': 5, 'he': 44, 'kept': 9, 'is': 25, 'something': 13, 'it': 63, 'and': 89, 'else': 8, 'was': 39, 'city': 5, 'being': 6, 'in': 37, 'that': 29, 'made': 5, 'him': 9, 'how': 5, 'thinking': 6, 'of': 33, 'were': 9, 'or': 17, 'they': 19, 'but': 18, 'glass': 5, 'not': 18, 'you': 33, 'only': 11, "wasn't": 8, 'wall': 7, 'which': 15, 'out': 6, 'on': 18, 'to': 46, 'be': 18, 'an': 6, 'opening': 5, 'through': 8, 'what': 10, 'had': 17, 'with': 17, 'house': 9, 'now': 5, 'about': 7, 'rats': 7, 'them': 5, 'been': 6, 'jump': 10, 'at': 12, 'card': 7, 'circle': 7, 'because': 10, 'would': 23, 'give': 6, 'way': 16, 'let': 5, 'rat': 8, 'where': 6, 'food': 5, 'then': 12, 'one': 19, 'changed': 6, "wouldn't": 7, 'for': 13, 'eyes': 6, 'convulsions': 5, 'even': 8, 'if': 10, 'know': 7, 'get': 5, 'same': 6, 'his': 12, 'more': 5, 'am': 7, 'this': 10, 'right': 5, 'there': 10, 'from': 7, 'are': 7, 'under': 5, 'has': 5, 'said': 8, 'first': 7, 'will': 8, 'all': 10, 'have': 6, 'so': 14, 'many': 6, 'me': 6, 'long': 5, 'tell': 5, 'her': 5, 'jumping': 8, 'old': 5, 'your': 9, 'foot': 5, 'name': 8, 'my': 8, 'like': 9}
The Dream Of a Ridiculous Man !8057 !{'the': 343, 'dream': 31, 'of': 198, 'by': 30, 'am': 18, 'now': 20, 'they': 131, 'me': 116, 'that': 227, 'would': 18, 'be': 44, 'if': 35, 'it': 183, 'were': 51, 'not': 108, 'as': 67, 'in': 154, 'their': 62, 'before': 17, 'but': 111, 'do': 23, 'are': 16, 'all': 69, 'to': 197, 'even': 17, 'when': 21, 'at': 84, 'and': 361, 'is': 58, 'then': 20, 'could': 40, 'myself': 25, 'through': 16, 'for': 82, 'them': 86, 'did': 27, 'so': 47, 'know': 36, 'truth': 19, 'oh': 20, 'how': 32, 'only': 33, 'one': 34, 'who': 17, 'understand': 14, 'no': 20, 'being': 21, 'have': 48, 'been': 30, 'perhaps': 19, 'from': 29, 'was': 158, 'time': 18, 'knew': 18, 'you': 28, 'more': 19, 'though': 21, 'same': 20, 'with': 80, 'life': 25, 'every': 15, 'or': 26, 'there': 46, 'on': 54, 'earth': 33, 'than': 17, 'what': 28, 'my': 130, 'nothing': 23, 'this': 29, 'had': 99, 'out': 15, 'some': 16, 'say': 14, 'why': 14, 'something': 17, 'which': 25, 'about': 16, 'an': 22, 'last': 14, 'suddenly': 27, 'never': 23, 'began': 15, 'first': 15, 'people': 18, 'thought': 14, 'up': 30, 'heart': 26, 'other': 17, 'without': 17, 'very': 15, 'seen': 15, 'her': 15, 'children': 15, 'like': 19, 'will': 19, 'shall': 19, 'we': 24, 'our': 23, 'love': 26}
THE EXIT MEETING !2645 !{'the': 152, 'exit': 7, 'meeting': 9, 'by': 7, "didn't": 12, 'dissertation': 15, 'for': 35, 'graduate': 6, 'school': 16, 'that': 46, 'to': 116, 'have': 30, 'an': 18, 'with': 29, 'dean': 14, 'of': 75, 'education': 26, 'in': 40, 'he': 28, 'had': 23, 'committee': 5, 'it': 36, 'so': 11, 'him': 8, 'asked': 6, 'phyllis': 9, 'my': 38, 'and': 47, 'research': 5, 'me': 27, 'on': 14, 'this': 11, 'was': 43, 'when': 14, 'people': 11, 'up': 5, 'what': 12, 'were': 10, 'they': 12, 'enough': 6, 'money': 5, 'make': 6, 'through': 8, 'system': 15, 'or': 7, 'because': 14, 'now': 15, 'class': 5, 'which': 15, 'will': 6, 'then': 10, 'into': 18, 'way': 6, 'get': 8, 'if': 15, 'would': 10, 'take': 6, 'out': 8, 'writing': 6, 'thought': 5, 'who': 16, 'her': 23, 'is': 46, 'no': 18, 'there': 16, 'are': 11, 'not': 13, 'do': 7, 'like': 11, 'but': 17, 'be': 15, 'could': 6, 'work': 10, 'why': 6, 'told': 10, 'about': 10, 'as': 14, 'his': 17, 'how': 6, 'at': 9, 'said': 10, 'going': 6, 'one': 15, 'such': 6, 'around': 8, 'you': 13, 'once': 6, 'future': 7, 'picture': 6, 'been': 8, 'their': 6, 'even': 7, 'we': 8, 'students': 9, 'them': 8, 'she': 16, 'has': 8, 'university': 6, 'job': 7, 'mother': 6}
The Fisherman and His Soul !13474 !{'the': 1081, 'fisherman': 76, 'and': 926, 'his': 208, 'soul': 98, 'by': 39, 'of': 488, 'with': 196, 'sea': 44, 'to': 289, 'young': 78, 'went': 33, 'out': 46, 'upon': 37, 'into': 46, 'when': 82, 'from': 89, 'he': 231, 'but': 108, 'little': 50, 'at': 87, 'for': 88, 'it': 192, 'was': 120, 'rose': 24, 'up': 31, 'came': 52, 'in': 201, 'them': 56, 'one': 32, 'so': 43, 'that': 172, 'said': 71, 'have': 55, 'all': 36, 'will': 55, 'be': 60, 'great': 30, 'like': 28, 'round': 27, 'on': 87, 'no': 45, 'nor': 27, 'mermaid': 22, 'her': 105, 'as': 85, 'gold': 27, 'white': 22, 'silver': 22, 'were': 46, 'over': 30, 'she': 96, 'saw': 29, 'hand': 23, 'him': 140, 'eyes': 21, 'would': 23, 'not': 93, 'thee': 86, 'let': 24, 'me': 169, 'go': 28, 'my': 63, 'is': 141, 'answered': 45, 'thou': 100, 'come': 30, 'shall': 21, 'this': 44, 'cried': 33, 'made': 22, 'down': 33, 'who': 56, 'their': 67, 'through': 29, 'which': 22, 'tell': 20, 'they': 100, 'are': 45, 'world': 21, 'an': 22, 'did': 24, 'had': 53, 'moon': 21, 'love': 37, 'thy': 43, 'away': 33, 'what': 46, 'may': 28, 'do': 28, 'we': 43, 'before': 23, 'us': 36, 'god': 29, 'there': 47, 'than': 24, 'evil': 21, 'its': 27, 'feet': 24, 'city': 39}
The Goophered Grapevine !4485 !{'the': 63, 'was': 11, 'in': 58, 'and': 35, 'had': 26, 'of': 27, 'to': 30, 'for': 14, 'on': 39, 'some': 10, 'he': 108, 'that': 13, 'no': 15, 'could': 15, 'be': 19, 'all': 32, 'him': 21, 'we': 12, 'at': 16, 'got': 13, 'went': 12, 'it': 53, 'one': 21, 'time': 13, 'plantation': 19, 'but': 44, 'by': 11, 'up': 25, 'grapes': 24, 'day': 11, 'long': 13, 'his': 51, 'away': 11, 'when': 15, 'you': 25, 'do': 14, 'des': 26, 'ober': 13, 'de': 297, 'nex': 16, 'know': 11, 'yer': 15, 'dey': 32, 'ain': 10, 'dis': 15, "w'at": 11, 'ole': 26, 'uz': 14, 'is': 19, 'ter': 123, 'buy': 10, "vimya'd": 15, 'out': 25, 'en': 185, 'er': 78, 'dat': 49, 'fer': 28, 'bout': 17, 'ef': 13, 'young': 10, 'dere': 10, 'nigger': 18, 'mars': 49, 'dugal': 43, "w'en": 29, "scuppernon's": 11, 'vimes': 21, 'scuppernon': 17, 'year': 12, 'begin': 13, 'wid': 23, 'git': 19, 'den': 11, 'mo': 11, 'so': 19, 'niggers': 25, 'wuz': 31, 'henry': 35, 'down': 10, 'didn': 15, 'night': 11, 'good': 12, 'spring': 13, 'fum': 12, 'she': 18, 'goopher': 27, 'say': 11, 'aun': 12, 'grapevimes': 15, 'tuk': 14, 'come': 15, 'done': 14, 'see': 12, 'ez': 28, 'im': 23, 'head': 12, 'sap': 12, "ha'r": 14, "henry's": 11, 'yankee': 12}
THE GUARDED SECRETS !2622 !{'the': 140, 'ferdinand': 5, 'brunetire': 17, 'of': 110, 'am': 5, 'very': 10, 'has': 9, 'great': 10, 'with': 27, 'me': 5, 'he': 29, 'criticism': 13, 'no': 12, 'by': 15, 'which': 26, 'to': 75, 'things': 11, 'mind': 5, 'but': 16, 'my': 9, 'never': 9, 'out': 6, 'as': 17, 'in': 60, 'from': 11, 'at': 13, 'this': 13, 'every': 5, 'so': 18, 'much': 7, 'for': 26, 'there': 15, 'is': 76, 'less': 5, 'than': 8, 'our': 11, 'have': 18, 'if': 10, 'must': 9, 'not': 28, 'point': 5, 'be': 23, 'once': 5, 'one': 42, 'nature': 5, 'it': 36, 'that': 83, 'find': 5, 'his': 22, 'all': 22, 'their': 14, 'and': 88, 'most': 7, 'on': 14, 'are': 25, 'an': 8, 'who': 8, 'was': 7, 'when': 7, 'see': 8, 'itself': 5, 'science': 8, 'do': 6, 'affirm': 5, 'or': 19, 'himself': 7, 'into': 8, 'good': 5, 'fact': 5, 'even': 6, 'opinions': 5, 'what': 8, 'two': 6, 'objective': 7, 'him': 5, 'man': 5, 'they': 10, 'some': 6, 'above': 5, 'reason': 5, 'necessary': 5, 'truth': 5, 'will': 11, 'such': 7, 'only': 5, 'any': 6, 'more': 6, 'art': 7, 'would': 6, 'we': 28, 'us': 9, 'cannot': 7, 'men': 10, 'can': 7, 'these': 6, 'since': 5, 'those': 7, 'forever': 6, 'may': 6, 'nor': 6}
The Happy Prince !3380 !{'the': 301, 'happy': 22, 'prince': 35, 'by': 10, 'city': 10, 'on': 25, 'statue': 14, 'of': 86, 'he': 113, 'was': 35, 'all': 14, 'over': 12, 'with': 34, 'fine': 7, 'gold': 8, 'for': 26, 'eyes': 8, 'had': 21, 'two': 8, 'bright': 6, 'and': 141, 'large': 9, 'red': 7, 'ruby': 9, 'his': 31, 'very': 6, 'is': 59, 'as': 25, 'beautiful': 10, 'one': 16, 'town': 9, 'councillors': 6, 'who': 14, 'to': 72, 'not': 22, 'quite': 10, 'so': 30, 'him': 14, 'you': 37, 'be': 16, 'like': 8, 'her': 22, 'little': 29, 'boy': 6, 'never': 6, 'am': 16, 'there': 13, 'in': 61, 'at': 24, 'just': 6, 'said': 48, 'they': 25, 'came': 10, 'out': 17, 'their': 8, 'how': 8, 'have': 18, 'but': 24, 'we': 8, 'answered': 7, 'looked': 11, 'night': 9, 'flew': 17, 'swallow': 45, 'away': 12, 'love': 6, 'down': 11, 'river': 7, 'that': 21, 'shall': 9, 'made': 10, 'round': 7, 'this': 7, 'it': 32, 'other': 7, 'she': 17, 'has': 13, 'no': 11, 'too': 7, 'then': 12, 'when': 10, 'always': 7, 'my': 20, 'will': 23, 'cried': 11, 'long': 8, 'saw': 7, 'up': 12, 'what': 16, 'are': 19, 'must': 11, 'were': 13, 'great': 11, 'me': 15, 'poor': 7, 'swallow,': 11, 'stay': 8, 'princes': 7, 'back': 7, 'leaf': 7}
The Hitchhiker Queen !2408 !{'the': 144, 'by': 12, 'it': 31, 'was': 32, 'two': 5, 'and': 49, 'three': 6, 'on': 19, 'of': 52, 'but': 15, 'no': 8, 'one': 10, 'to': 74, 'stop': 5, 'for': 16, 'woman': 6, 'who': 7, 'waited': 5, 'side': 7, 'road': 8, 'elizabeth': 25, 'ann': 20, 'had': 26, 'been': 5, 'her': 61, 'car': 19, 'an': 10, 'she': 26, 'not': 21, 'that': 47, 'around': 5, 'white': 8, 'face': 5, 'open': 5, 'alex': 14, 'in': 28, 'his': 36, 'eyes': 10, 'at': 14, 'he': 54, 'made': 8, 'did': 7, 'if': 7, 'hood': 6, 'up': 11, 'would': 15, 'have': 13, 'stopped': 6, 'enough': 6, 'say': 8, 'about': 11, 'then': 6, 'from': 18, 'see': 11, 'with': 18, 'boy': 6, "ann's": 6, 'roger': 26, "i've": 7, 'my': 12, "ma'am": 9, 'out': 10, 'you': 14, 'as': 11, 'hand': 7, 'mother': 8, 'like': 7, 'seat': 7, "i'll": 6, 'him': 19, 'turned': 6, 'were': 9, 'head': 6, 'hands': 7, 'this': 8, 'radio': 7, 'more': 7, 'when': 8, 'baby': 7, 'there': 9, 'some': 8, 'them': 9, 'before': 6, 'glove': 8, 'compartment': 8, 'all': 8, "can't": 6, "doesn't": 7, 'their': 6, 'man': 6, 'mary': 10, 'every': 6, 'article': 6, 'so': 8, 'think': 7, 'catholic': 10, 'or': 6, 'looked': 6, 'into': 8, 'could': 9}
The Lottery Ticket !1815 !{'the': 106, 'lottery': 4, 'ticket': 11, 'by': 5, 'ivan': 14, 'dmitritch': 14, 'who': 4, 'with': 18, 'his': 40, 'on': 20, 'an': 7, 'of': 42, 'and': 96, 'was': 12, 'well': 5, 'down': 4, 'after': 7, 'began': 7, 'newspaper': 5, 'to': 42, 'look': 10, 'at': 21, 'wife': 17, 'said': 11, 'him': 9, 'as': 18, 'she': 26, 'is': 29, 'there': 11, 'yes': 7, 'it': 28, 'but': 12, 'no': 6, 'what': 12, 'number': 10, 'series': 6, '9,499': 8, '26': 4, 'all': 9, 'we': 7, 'will': 6, 'had': 10, 'in': 34, 'would': 25, 'not': 15, 'have': 11, 'winning': 5, 'now': 5, 'he': 31, 'nothing': 5, 'eyes': 4, 'from': 7, 'paper': 4, 'looking': 4, 'one': 8, 'cold': 5, 'water': 5, 'looked': 5, 'face': 5, 'that': 17, 'really': 4, 'too': 7, 'wait': 5, 'you': 4, 'like': 4, 'when': 4, 'her': 23, 'only': 6, 'out': 6, 'so': 10, 'won': 5, "it's": 4, 'little': 5, 'be': 13, 'thousand': 6, 'money': 5, 'if': 8, 'them': 8, 'they': 14, 'could': 4, 'for': 7, 'go': 12, 'thought': 7, 'their': 7, 'first': 7, 'were': 7, 'should': 6, 'nice': 5, 'or': 13, 'summer': 5, 'are': 6, 'about': 7, 'over': 5, 'its': 5, 'up': 6, 'abroad': 7, 'every': 5, 'me': 5, 'own': 5, 'hatred': 5}
The Lottery !3310 !{'the': 229, 'lottery': 18, 'by': 10, 'and': 143, 'in': 55, 'of': 74, 'was': 50, 'with': 20, 'were': 14, 'people': 18, 'village': 7, 'began': 9, 'to': 89, 'square': 8, 'around': 10, 'some': 9, 'there': 23, 'so': 7, 'that': 20, 'took': 9, 'had': 36, 'be': 15, 'on': 24, 'but': 11, 'this': 9, 'it': 49, 'at': 19, 'through': 12, 'time': 14, 'villagers': 10, 'get': 8, 'for': 23, 'children': 9, 'over': 11, 'them': 12, 'they': 14, 'while': 9, 'before': 7, 'into': 9, 'their': 18, 'martin': 8, 'his': 35, 'stones': 11, 'delacroix': 10, 'made': 8, 'one': 19, 'stood': 8, 'or': 8, 'from': 10, 'came': 12, 'as': 25, 'went': 10, 'called': 7, 'hand': 16, 'back': 10, 'up': 21, 'mr': 72, 'summers': 58, 'who': 8, 'he': 32, 'man': 16, 'him': 12, 'no': 7, 'black': 14, 'box': 34, 'little': 10, 'graves': 15, 'stool': 7, 'put': 9, 'said': 70, 'you': 23, 'son': 7, 'forward': 7, 'been': 16, 'now': 11, 'old': 12, 'warner': 10, 'year': 11, 'each': 9, 'held': 10, 'until': 7, 'slips': 8, 'paper': 25, 'all': 17, 'well': 7, 'then': 17, 'take': 10, 'next': 9, 'mrs': 33, 'hutchinson': 28, 'her': 32, 'crowd': 20, 'she': 17, 'out': 12, 'bill': 24, 'tessie': 12, 'dunbar': 16, 'right': 10, 'got': 10, 'slip': 9}
The March of Progress !4173 !{'the': 226, 'of': 141, 'progress': 8, 'colored': 10, 'people': 16, 'patesville': 9, 'had': 100, 'at': 19, 'they': 21, 'for': 45, 'long': 11, 'time': 17, 'been': 25, 'committee': 15, 'to': 110, 'schools': 8, 'with': 25, 'some': 13, 'that': 35, 'in': 66, 'their': 14, 'own': 15, 'and': 95, 'any': 9, 'white': 9, 'what': 8, 'was': 39, 'made': 9, 'by': 22, 'teacher': 11, 'grammar': 11, 'school': 22, 'or': 15, 'who': 28, 'an': 93, 'cotten': 11, 'as': 33, 'abe': 11, 'did': 14, 'he': 32, 'from': 22, 'on': 16, 'his': 36, 'not': 26, 'other': 9, 'it': 31, 'first': 9, 'but': 20, 'there': 14, 'two': 8, 'miss': 23, 'noble': 18, 'she': 77, 'years': 10, 'when': 27, 'after': 10, 'her': 94, 'up': 8, 'no': 13, 'this': 12, 'man': 9, 'away': 9, 'many': 9, 'much': 12, 'good': 8, 'come': 13, 'them': 11, 'do': 9, 'if': 11, 'one': 12, 'all': 17, 'is': 21, 'have': 24, 'work': 10, 'so': 9, 'be': 18, 'said': 12, 'you': 19, 'are': 8, 'now': 8, 'will': 9, 'us': 14, 'chairman': 10, 'him': 10, 'young': 9, "noble's": 8, 'mr': 12, 'our': 17, 'has': 21, 'yo': 9, 'we': 35, 'em': 8, 'got': 14, 'brother': 10, 'fer': 22, 'ter': 26, 'dis': 9, 'er': 12, 'de': 27, 'dat': 14}
The Most Dangerous Game !7551 !{'the': 508, 'most': 12, 'game': 13, 'by': 26, 'off': 14, 'there': 35, 'to': 149, 'island': 15, 'said': 61, 'what': 20, 'is': 36, 'it': 94, 'rainsford': 120, 'have': 43, 'of': 173, 'place': 14, 'why': 13, 'some': 17, 'see': 20, 'through': 18, 'night': 23, 'that': 84, 'was': 141, 'as': 54, 'its': 12, 'in': 109, 'good': 15, 'eyes': 22, 'with': 74, 'and': 163, 'you': 91, 'at': 27, 'but': 49, 'even': 12, 'so': 26, 'like': 13, 'black': 14, 'will': 17, 'be': 29, 'we': 14, 'come': 14, 'from': 40, 'hunting': 29, 'up': 26, 'for': 52, 'not': 60, 'no': 31, 'think': 14, 'they': 31, 'one': 30, 'this': 20, 'made': 19, 'are': 21, 'do': 18, 'into': 16, 'were': 26, 'now': 23, 'himself': 21, 'him': 56, 'saw': 16, 'all': 17, 'could': 22, 'out': 27, 'an': 35, 'then': 28, 'he': 248, 'me': 35, 'if': 23, 'about': 19, 'when': 26, 'did': 19, 'sea': 16, 'can': 16, 'his': 138, 'them': 16, 'sound': 16, 'on': 54, 'thought': 16, 'my': 46, 'heard': 19, 'again': 15, 'had': 68, 'face': 13, 'been': 14, 'animal': 13, 'jungle': 13, 'down': 23, 'new': 13, 'where': 13, "rainsford's": 18, 'must': 16, 'man': 17, 'mr': 18, 'your': 14, 'general': 98, 'zaroff': 20, 'ivan': 15, 'hunt': 17, 'tree': 14, 'back': 13}
The Notorious Jumping Frog of Calaveras County !2418 !{'the': 97, 'frog': 25, 'of': 47, 'in': 26, 'with': 12, 'friend': 5, 'me': 15, 'from': 6, 'on': 28, 'simon': 5, 'wheeler': 8, 'and': 160, 'my': 7, 'leonidas': 8, 'smiley': 29, 'as': 29, 'to': 53, 'do': 5, 'have': 6, 'that': 42, 'never': 12, 'he': 97, 'only': 8, 'if': 25, 'about': 12, 'him': 47, 'it': 36, 'would': 18, 'his': 35, 'go': 5, 'long': 8, 'be': 13, 'was': 56, 'by': 6, 'camp': 5, 'had': 16, 'up': 21, 'at': 12, 'one': 11, 'time': 7, 'could': 10, 'this': 6, 'there': 16, 'then': 11, 'down': 12, 'off': 6, 'which': 7, 'but': 23, 'all': 14, 'so': 15, 'or': 12, 'matter': 5, 'two': 5, 'way': 8, 'once': 5, 'feller': 11, 'here': 7, 'name': 6, "don't": 9, 'what': 8, 'think': 5, 'other': 9, 'because': 5, "warn't": 5, 'when': 7, 'come': 10, 'any': 14, 'always': 9, 'turned': 5, 'you': 27, 'see': 13, 'get': 7, 'bet': 15, 'side': 6, "couldn't": 7, "he'd": 11, 'just': 9, 'got': 10, 'out': 14, 'for': 20, 'no': 16, 'good': 9, 'how': 7, 'took': 11, 'her': 8, 'she': 6, 'said': 6, 'well': 12, 'says': 17, 'money': 7, 'give': 8, 'look': 6, 'set': 10, 'dog': 8, 'like': 7, 'might': 7, "hadn't": 6, "dan'l": 8, 'box': 7, 'maybe': 7}
The Piece of String !2288 !{'the': 199, 'piece': 8, 'of': 81, 'string': 12, 'by': 22, 'along': 4, 'all': 13, 'goderville': 6, 'and': 77, 'their': 24, 'were': 18, 'toward': 5, 'it': 21, 'was': 38, 'market': 5, 'day': 5, 'with': 26, 'steps': 4, 'bent': 5, 'at': 27, 'each': 6, 'long': 7, 'on': 24, 'which': 11, 'made': 8, 'spread': 4, 'to': 70, 'make': 4, 'as': 11, 'little': 5, 'in': 39, 'about': 7, 'like': 6, 'them': 5, 'from': 8, 'two': 5, 'feet': 4, 'some': 6, 'or': 9, 'cord': 4, 'behind': 4, 'its': 4, 'they': 18, 'arms': 4, 'out': 13, 'over': 4, 'then': 9, 'seated': 6, 'side': 4, 'public': 5, 'square': 4, 'there': 11, 'together': 4, 'peasant': 6, 'rose': 5, 'laugh': 4, 'that': 14, 'people': 6, 'ma?tre': 20, 'hauchecome': 13, 'had': 17, 'he': 63, 'his': 53, 'when': 5, 'ground': 6, 'be': 6, 'up': 9, 'for': 10, 'began': 9, 'malandain': 6, 'him': 20, 'being': 5, 'good': 5, 'seen': 5, 'not': 13, 'went': 9, 'man': 11, 'who': 11, 'away': 6, 'you': 11, 'table': 5, 'an': 7, 'rascal': 5, 'but': 7, 'is': 10, 'this': 8, 'road': 5, 'pocketbook': 9, 'houlbreque': 5, 'here': 6, 'me': 11, 'mayor': 10, 'more': 7, 'said': 5, 'knowing': 5, 'old': 7, 'one': 6, 'believed': 5, 'tell': 6, 'what': 5}
The Ransom of Red Chief !3893 !{'the': 229, 'ransom': 12, 'of': 93, 'red': 16, 'chief': 12, 'by': 15, 'it': 42, 'like': 17, 'good': 7, 'but': 27, 'till': 8, 'you': 74, 'we': 34, 'down': 18, 'in': 58, 'and': 153, 'this': 14, 'us': 7, 'was': 56, 'as': 35, 'bill': 52, 'that': 45, 'out': 19, 'there': 20, 'summit': 14, 'around': 8, 'me': 20, 'had': 21, 'about': 13, 'hundred': 11, 'dollars': 14, 'just': 8, 'two': 16, 'thousand': 7, 'to': 128, 'off': 9, 'with': 34, 'over': 8, 'on': 37, 'says': 44, 'is': 16, 'for': 39, 'do': 11, 'up': 33, 'such': 8, 'get': 10, 'some': 8, 'or': 22, 'so': 8, 'dorset': 10, 'kid': 18, 'boy': 20, 'at': 33, 'when': 15, 'would': 11, 'from': 15, 'little': 12, 'mountain': 8, 'cave': 17, 'one': 9, 'old': 11, 'have': 15, 'will': 15, 'an': 14, 'got': 19, 'him': 41, 'away': 14, 'back': 12, 'his': 41, 'he': 40, 'all': 14, 'now': 9, "bill's": 9, "i'm": 10, 'be': 26, 'can': 11, 'then': 11, 'go': 9, 'are': 13, 'make': 8, 'what': 13, 'your': 13, 'my': 18, "don't": 8, 'how': 8, 'take': 11, 'home': 15, 'not': 8, 'been': 8, 'tree': 8, 'they': 8, 'sam': 13, 'if': 11, 'think': 8, 'no': 9, 'hour': 8, 'going': 9, 'black': 8, 'scout': 9, 'letter': 8}
THE STAR-CHILD !6188 !{'the': 446, 'star-child': 42, 'by': 16, 'to': 172, 'upon': 16, 'were': 21, 'their': 26, 'way': 10, 'through': 18, 'great': 11, 'it': 88, 'was': 75, 'and': 488, 'of': 180, 'little': 19, 'on': 37, 'them': 36, 'as': 36, 'they': 57, 'when': 29, 'came': 24, 'she': 35, 'in': 92, 'for': 78, 'had': 44, 'her': 59, 'so': 34, 'that': 74, 'even': 11, 'did': 18, 'not': 51, 'what': 17, 'he': 139, 'with': 43, 'his': 92, 'this': 25, 'is': 56, 'have': 34, 'out': 21, 'white': 14, 'be': 11, 'but': 61, 'if': 16, 'me': 55, 'shall': 12, 'at': 35, 'my': 34, 'said': 63, 'who': 39, 'up': 15, 'yellow': 12, 'eyes': 12, 'forest': 17, 'we': 18, 'went': 17, 'into': 18, 'over': 15, 'saw': 15, 'down': 19, 'gold': 33, 'one': 18, 'or': 13, 'us': 12, 'answered': 24, 'world': 14, 'nor': 17, 'there': 28, 'from': 30, 'no': 13, 'away': 13, 'cried': 18, 'set': 14, 'ran': 15, 'him': 123, 'cloak': 11, 'found': 11, 'come': 12, 'child': 18, 'our': 11, 'go': 12, 'give': 14, 'nay': 12, 'am': 17, 'thou': 59, 'art': 18, 'will': 21, 'bring': 12, 'made': 12, 'hast': 14, 'thee': 47, 'would': 12, 'woodcutter': 13, 'red': 11, 'pity': 12, 'thy': 21, 'leper': 11, 'mother': 26, 'city': 18, 'piece': 24, 'hare': 14}
The Street That Got Mislaid !1988 !{'the': 105, 'street': 20, 'that': 26, 'by': 5, 'marc': 20, 'girondin': 4, 'had': 21, 'in': 39, 'filing': 10, 'section': 4, 'of': 58, 'city': 9, 'engineering': 4, 'department': 4, 'for': 14, 'so': 17, 'long': 6, 'was': 31, 'out': 12, 'his': 37, 'mind': 5, 'like': 8, 'map': 4, 'names': 5, 'and': 79, 'places': 4, 'streets': 8, 'lanes': 4, 'all': 16, 'no': 13, 'one': 7, 'such': 4, 'together': 5, 'could': 8, 'not': 8, 'him': 14, 'is': 5, 'to': 40, 'he': 46, 'knew': 4, 'little': 6, 'their': 7, 'existence': 4, 'where': 6, 'they': 10, 'were': 10, 'but': 7, 'it': 37, 'from': 9, 'when': 6, 'some': 7, 'as': 11, 'office': 5, 'on': 13, 'oven': 5, 'who': 9, 'you': 17, 'said': 11, 'first': 5, 'here': 8, 'how': 5, 'do': 5, 'know': 5, "i'm": 5, 'my': 14, 'cabinet': 5, 'at': 18, 'card': 10, 'if': 6, 'went': 6, 'after': 6, 'then': 7, 'with': 16, 'made': 8, 'found': 5, 'green': 8, 'bottle': 9, 'been': 10, 'there': 10, 'more': 6, 'years': 7, 'dropped': 5, 'heart': 5, 'would': 7, 'time': 6, 'have': 10, 'pocket': 5, 'them': 7, 'took': 5, 'this': 6, 'well': 5, 'she': 7, 'we': 10, 'our': 6, 'about': 5, 'us': 7, 'mr': 7, 'very': 5, 'miss': 6, 'trusdale': 5}
The Use of Force !1428 !{'the': 67, 'of': 29, 'by': 5, 'they': 10, 'were': 7, 'to': 48, 'me': 21, 'all': 6, 'had': 19, 'was': 19, 'come': 7, 'down': 6, 'as': 15, 'you': 20, 'my': 16, 'is': 8, 'very': 5, 'when': 4, 'mother': 12, 'and': 47, 'said': 12, 'this': 5, 'doctor': 6, 'let': 7, 'in': 28, 'back': 5, 'she': 28, 'must': 5, 'us': 4, 'we': 8, 'have': 12, 'her': 43, 'kitchen': 4, 'it': 27, 'here': 4, 'child': 10, 'on': 15, 'lap': 4, 'he': 8, 'tried': 7, 'get': 9, 'up': 8, 'but': 21, 'for': 12, 'him': 5, 'not': 6, 'look': 12, 'things': 4, 'could': 5, 'see': 5, 'that': 15, 'often': 4, 'such': 6, 'cases': 4, 'more': 5, 'tell': 5, 'them': 5, 'three': 4, 'with': 9, 'eyes': 5, 'no': 7, 'expression': 4, 'face': 5, 'did': 6, 'move': 4, 'an': 6, 'little': 5, 'one': 7, 'father': 4, "don't": 7, 'know': 4, 'what': 7, 'from': 5, 'do': 9, 'been': 6, 'at': 15, 'throat': 13, 'both': 6, 'parents': 5, 'says': 4, 'hurt': 5, 'your': 7, 'diphtheria': 5, 'though': 4, 'take': 5, "child's": 5, 'open': 6, 'mouth': 5, 'just': 6, 'hands': 6, 'man': 5, 'teeth': 6, 'be': 5, 'or': 5, 'again': 5, 'almost': 5, 'out': 5, 'now': 7, 'go': 6, 'his': 7}
The Vendetta !1642 !{'the': 131, 'vendetta': 4, 'by': 9, 'alone': 5, 'with': 29, 'her': 50, 'son': 4, 'in': 24, 'poor': 5, 'little': 5, 'house': 5, 'on': 21, 'of': 40, 'channel': 6, 'to': 44, 'sardinia': 4, 'at': 15, 'its': 8, 'foot': 4, 'other': 4, 'side': 4, 'and': 42, 'it': 25, 'that': 10, 'as': 12, 'like': 5, 'long': 11, 'very': 5, 'sardinian': 4, 'old': 17, 'from': 4, 'upon': 8, 'white': 4, 'they': 6, 'so': 4, 'which': 6, 'away': 5, 'into': 6, 'two': 6, 'round': 4, 'black': 7, 'held': 4, 'for': 14, 'looked': 6, 'out': 6, 'over': 7, 'this': 7, 'she': 53, 'there': 12, 'antoine': 4, 'their': 4, 'semillante': 10, 'animal': 6, 'hair': 4, 'man': 9, 'one': 6, 'saverini': 5, 'was': 19, 'nicolas': 5, 'who': 5, 'night': 8, 'when': 6, 'his': 20, 'mother': 11, 'body': 7, 'home': 6, 'not': 5, 'but': 6, 'then': 15, 'him': 12, 'would': 5, 'no': 10, 'up': 6, 'dog': 16, 'howled': 5, 'eyes': 7, 'silent': 5, 'back': 5, 'though': 6, 'he': 9, 'off': 5, 'had': 17, 'began': 5, 'you': 5, 'sleep': 5, 'more': 6, 'woman': 11, 'morning': 6, 'day': 8, 'an': 7, 'all': 5, 'could': 5, 'again': 6, 'went': 9, 'ground': 5, 'took': 5, 'straw': 5, 'pudding': 5, 'food': 6, 'throat': 5}
The Young King !5208 !{'the': 445, 'young': 29, 'king': 37, 'by': 22, 'it': 32, 'was': 56, 'before': 13, 'day': 10, 'for': 49, 'his': 92, 'and': 364, 'in': 80, 'beautiful': 8, 'to': 90, 'of': 192, 'had': 46, 'all': 8, 'their': 32, 'him': 53, 'great': 22, 'from': 42, 'there': 12, 'some': 17, 'them': 42, 'who': 23, 'which': 9, 'is': 38, 'he': 124, 'but': 29, 'not': 28, 'at': 27, 'back': 8, 'with': 58, 'on': 36, 'like': 11, 'upon': 21, 'as': 33, 'hand': 12, 'up': 23, 'be': 14, "king's": 9, 'one': 16, 'her': 20, 'said': 29, 'an': 11, 'been': 13, 'when': 16, 'away': 13, 'she': 15, 'into': 12, 'were': 31, 'than': 14, 'that': 58, 'man': 15, 'hands': 9, 'each': 10, 'have': 14, 'so': 11, 'over': 13, 'set': 8, 'saw': 11, 'raiment': 10, 'they': 29, 'down': 12, 'its': 8, 'bright': 8, 'these': 10, 'through': 22, 'art': 11, 'are': 12, 'this': 25, 'little': 11, 'what': 19, 'robe': 13, 'gold': 9, 'crown': 12, 'out': 18, 'round': 9, 'stood': 10, 'came': 14, 'things': 10, 'thou': 31, 'me': 10, 'us': 14, 'our': 9, 'master': 12, 'thy': 17, 'cried': 10, 'no': 10, 'answered': 14, 'slaves': 9, 'we': 13, 'face': 10, 'thee': 22, 'shall': 9, 'death': 12, 'avarice': 9, 'my': 16, 'hast': 9, 'will': 18}
Wife of His Youth !4423 !{'wife': 8, 'of': 127, 'his': 65, 'mr': 23, 'ryder': 18, 'was': 63, 'to': 94, 'ball': 9, 'there': 21, 'were': 27, 'this': 15, 'an': 45, 'time': 15, 'for': 42, 'such': 18, 'be': 20, 'the': 216, 'blue': 14, 'veins': 9, 'society': 14, 'in': 68, 'after': 12, 'its': 12, 'and': 152, 'social': 9, 'among': 8, 'people': 9, 'by': 25, 'with': 38, 'some': 19, 'who': 20, 'more': 9, 'than': 8, 'that': 50, 'no': 17, 'one': 19, 'not': 24, 'had': 76, 'been': 21, 'as': 32, 'any': 8, 'their': 14, 'but': 33, 'on': 16, 'if': 9, 'most': 9, 'it': 35, 'very': 9, 'from': 17, 'which': 10, 'when': 14, 'is': 16, 'would': 20, 'have': 26, 'come': 12, 'up': 11, 'these': 8, 'all': 19, 'them': 11, 'he': 111, 'years': 14, 'upon': 9, 'man': 20, 'him': 23, 'good': 8, 'much': 8, 'woman': 10, 'before': 8, 'over': 9, 'she': 55, 'old': 11, 'her': 42, 'at': 24, 'long': 8, 'know': 9, 'what': 8, 'us': 9, 'do': 8, 'so': 9, 'around': 9, 'said': 8, 'suh': 9, 'you': 22, 'me': 30, 'down': 10, "i's": 8, 'my': 15, 'wuz': 19, 'de': 25, 'er': 11, 'sam': 19, 'fer': 21, 'back': 9, 'ter': 16, "w'en": 8, 'dat': 8, 'im': 11, 'ole': 9, "be'n": 9, 'suppose': 9}
